Season,Team,NumRaces,MeanQualifyingPos,MeanRaceFinishPos,StdQualifyingPos,StdRaceFinishPos,QualRaceCorrelation,QualRaceCorr_pValue,PositionChange_Mean,PositionChange_Std,TotalPoints,PointsPerRace
2018,Mercedes,21,3.0,3.86,1.7,3.43,-0.1691,0.4636,-0.86,4.08,655.0,31.19
2018,Ferrari,21,3.24,4.93,1.21,3.08,-0.0791,0.7331,-1.69,3.39,571.0,27.19
2018,Red Bull Racing,21,6.88,7.64,2.76,4.7,0.2856,0.2094,-0.76,4.72,419.0,19.95
2018,Alpine/Renault,21,10.57,11.07,2.6,3.01,0.7138,0.0003,-0.5,2.16,122.0,5.81
2018,Aston Martin/Racing Point/Force India,21,10.69,11.19,3.28,3.5,0.1928,0.4025,-0.5,4.31,111.0,5.29
2018,Haas,21,10.29,11.98,3.62,3.83,0.3443,0.1265,-1.69,4.27,93.0,4.43
2018,McLaren,21,15.07,12.76,2.72,3.16,0.3897,0.0807,2.31,3.27,62.0,2.95
2018,Sauber/Alfa Romeo,21,14.02,12.79,3.36,2.95,0.2561,0.2624,1.24,3.87,48.0,2.29
2018,RB/AlphaTauri/Toro Rosso,21,14.1,13.88,3.32,2.95,0.519,0.0159,0.21,3.09,33.0,1.57
2018,Williams,21,17.14,14.9,2.38,2.25,0.1891,0.4116,2.24,2.95,7.0,0.33
2019,Mercedes,21,2.64,3.24,1.1,3.32,0.1998,0.3851,-0.6,3.28,739.0,35.19
2019,Ferrari,21,4.19,6.0,3.18,4.1,0.2677,0.2407,-1.81,4.47,504.0,24.0
2019,Red Bull Racing,21,6.6,6.26,3.26,2.47,0.3893,0.0811,0.33,3.23,417.0,19.86
2019,McLaren,21,9.86,10.69,2.79,3.77,0.3424,0.1286,-0.83,3.85,145.0,6.9
2019,RB/AlphaTauri/Toro Rosso,21,12.71,11.5,2.21,3.23,0.014,0.9518,1.21,3.88,85.0,4.05
2019,Aston Martin/Racing Point/Force India,21,14.5,11.79,2.35,2.66,0.5214,0.0154,2.71,2.46,73.0,3.48
2019,Alpine/Renault,21,10.76,11.98,3.04,3.82,0.61,0.0033,-1.21,3.11,91.0,4.33
2019,Sauber/Alfa Romeo,21,12.67,12.74,2.55,2.94,0.4437,0.0439,-0.07,2.91,57.0,2.71
2019,Haas,21,11.81,14.4,3.32,3.06,0.538,0.0119,-2.6,3.07,28.0,1.33
2019,Williams,21,18.9,16.4,0.75,1.85,0.2351,0.3049,2.5,1.83,1.0,0.05
2020,Mercedes,17,2.0,3.74,1.46,2.8,0.2793,0.2776,-1.74,2.77,573.0,33.71
2020,Red Bull Racing,17,5.15,7.71,1.95,4.96,-0.0017,0.9948,-2.56,5.33,319.0,18.76
2020,McLaren,17,8.26,8.62,2.57,3.64,0.1531,0.5575,-0.35,4.13,202.0,11.88
2020,Alpine/Renault,17,8.82,8.94,2.58,2.99,0.3506,0.1677,-0.12,3.19,181.0,10.65
2020,Aston Martin/Racing Point/Force India,17,8.24,9.21,3.7,4.44,0.2876,0.263,-0.97,4.9,210.0,12.35
2020,Ferrari,17,10.26,10.71,2.46,4.53,0.3339,0.1903,-0.44,4.37,131.0,7.71
2020,RB/AlphaTauri/Toro Rosso,17,11.12,10.71,2.44,2.48,0.4267,0.0876,0.41,2.64,107.0,6.29
2020,Sauber/Alfa Romeo,17,16.76,13.85,2.43,2.07,-0.379,0.1335,2.91,3.75,8.0,0.47
2020,Williams,17,17.29,15.74,1.54,2.14,-0.3875,0.1243,1.56,3.08,0.0,0.0
2020,Haas,17,17.09,15.79,1.09,2.16,0.2665,0.3012,1.29,2.14,3.0,0.18
2021,Mercedes,22,2.95,5.41,1.53,3.98,0.3779,0.0829,-2.45,3.68,604.5,27.48
2021,Red Bull Racing,22,4.61,5.84,2.76,4.37,-0.0103,0.9637,-1.23,5.19,578.5,26.3
2021,Ferrari,22,7.39,7.11,2.55,2.32,0.0706,0.7548,0.27,3.33,322.5,14.66
2021,McLaren,22,8.11,7.8,2.15,3.06,0.5079,0.0158,0.32,2.7,274.0,12.45
2021,Alpine/Renault,22,11.0,10.25,2.44,3.66,0.4542,0.0337,0.75,3.35,155.0,7.05
2021,RB/AlphaTauri/Toro Rosso,22,9.82,11.27,2.59,3.48,0.2015,0.3685,-1.45,3.89,142.0,6.45
2021,Aston Martin/Racing Point/Force India,22,12.64,12.0,2.26,2.73,-0.0425,0.8512,0.64,3.62,77.0,3.5
2021,Sauber/Alfa Romeo,22,15.02,13.2,1.97,2.09,0.2194,0.3266,1.82,2.53,13.0,0.59
2021,Williams,22,14.52,14.73,2.63,3.33,0.2638,0.2354,-0.2,3.65,23.0,1.05
2021,Haas,22,18.91,17.25,0.89,1.86,-0.2142,0.3384,1.66,2.23,0.0,0.0
2022,Red Bull Racing,22,3.8,4.45,2.09,4.33,0.2427,0.2764,-0.66,4.33,724.0,32.91
2022,Mercedes,22,6.43,5.52,2.11,3.3,0.469,0.0277,0.91,2.97,495.0,22.5
2022,Ferrari,22,3.41,6.68,2.09,4.85,0.03,0.8946,-3.27,5.22,519.0,23.59
2022,Alpine/Renault,22,9.48,9.86,3.12,3.35,0.3279,0.1363,-0.39,3.75,170.0,7.73
2022,McLaren,22,10.09,10.64,2.74,3.35,0.171,0.4467,-0.55,3.95,150.0,6.82
2022,Aston Martin/Racing Point/Force India,22,15.2,11.89,2.69,2.74,0.4553,0.0332,3.32,2.83,55.0,2.5
2022,Sauber/Alfa Romeo,22,13.05,13.2,2.58,2.95,0.2213,0.3222,-0.16,3.46,53.0,2.41
2022,RB/AlphaTauri/Toro Rosso,22,13.11,13.52,2.89,2.19,0.178,0.4282,-0.41,3.3,35.0,1.59
2022,Haas,22,13.41,14.02,3.93,3.29,0.1777,0.4288,-0.61,4.66,33.0,1.5
2022,Williams,22,17.02,14.95,2.14,1.64,0.2111,0.3456,2.07,2.4,8.0,0.36
2023,Red Bull Racing,22,6.02,3.57,2.84,2.8,0.1897,0.3978,2.45,3.59,790.0,35.91
2023,Mercedes,22,6.43,7.14,2.01,2.97,-0.6137,0.0024,-0.7,4.5,374.0,17.0
2023,Ferrari,22,4.91,7.86,2.82,3.86,0.3839,0.0778,-2.95,3.8,363.0,16.5
2023,Aston Martin/Racing Point/Force India,22,9.73,8.8,3.74,3.66,0.7222,0.0001,0.93,2.76,266.0,12.09
2023,McLaren,22,9.0,9.45,4.53,4.96,0.6252,0.0019,-0.45,4.13,266.0,12.09
2023,Alpine/Renault,22,11.11,11.27,3.28,3.78,0.4584,0.0319,-0.16,3.7,110.0,5.0
2023,RB/AlphaTauri/Toro Rosso,22,14.39,13.61,2.68,2.24,0.5698,0.0056,0.77,2.31,22.0,1.0
2023,Sauber/Alfa Romeo,22,14.86,14.0,3.15,2.43,0.1041,0.6446,0.86,3.77,16.0,0.73
2023,Williams,22,14.82,14.11,3.46,2.59,0.2592,0.244,0.7,3.74,26.0,1.18
2023,Haas,22,13.61,15.07,3.04,2.16,0.3666,0.0933,-1.45,3.02,9.0,0.41
2024,McLaren,24,4.48,4.71,2.25,2.2,0.3018,0.1518,-0.23,2.63,609.0,25.38
2024,Ferrari,24,5.54,5.15,2.7,3.63,0.6069,0.0017,0.4,2.93,595.0,24.79
2024,Red Bull Racing,24,6.08,6.62,3.51,3.61,0.5363,0.0069,-0.54,3.43,537.0,22.38
2024,Mercedes,24,6.83,6.85,3.09,3.41,0.3061,0.1458,-0.02,3.84,433.0,18.04
2024,Aston Martin/Racing Point/Force India,24,11.21,11.77,3.07,2.64,0.5348,0.0071,-0.56,2.78,94.0,3.92
2024,Haas,24,13.02,12.4,2.4,2.87,0.5247,0.0085,0.62,2.6,51.0,2.12
2024,RB/AlphaTauri/Toro Rosso,24,12.08,13.29,3.02,2.8,0.5506,0.0053,-1.21,2.77,40.0,1.67
2024,Alpine/Renault,24,13.92,13.31,3.52,3.61,0.4747,0.0191,0.6,3.65,63.0,2.62
2024,Williams,24,14.6,15.04,2.63,3.16,0.5719,0.0035,-0.44,2.72,17.0,0.71
2024,Sauber/Alfa Romeo,24,16.56,15.67,2.07,1.92,0.3689,0.0761,0.9,2.25,4.0,0.17
