Team,Season,SponsorName,SponsorIndustry,OriginalSponsorName,CorrectionID
Ferrari,2018,Shell,Energy/Oil,Shell,
Ferrari,2018,Ray Ban,Fashion,Ray Ban,
Ferrari,2018,Alfa Romeo,Automotive,Alfa Romeo,
Ferrari,2018,Kaspersky Lab,Cybersecurity,Kaspersky Lab,
Ferrari,2018,UPS,Logistics,UPS,
Ferrari,2018,Lenovo,Technology,Lenovo,
Ferrari,2018,Weichai,Industrial,Weichai,
Ferrari,2018,Hublot,Luxury Watches,Hublot,
Ferrari,2018,Mahle,Automotive,Mahle,
Ferrari,2018,OMR,Media,OMR,
Ferrari,2018,AMD,Technology,AMD,
Ferrari,2018,Singha,Beverages/Food,Singha,
Ferrari,2018,Pirelli,Automotive,Pirelli,
Ferrari,2018,Puma Swisse,Health/Supplements,Puma Swisse,
Ferrari,2018,Experis,Staffing,Experis,
Ferrari,2018,SKF,Industrial,SKF,
Ferrari,2018,Magneti Marelli,Automotive,Magneti Marelli,
Ferrari,2018,NGK,Automotive,NGK,
Ferrari,2018,Brembo,Automotive,Brembo,
Ferrari,2018,Riedel,Technology,Riedel,
Ferrari,2018,Iveco,Automotive,Iveco,
Ferrari,2018,Bell,Automotive,Bell,
Ferrari,2018,Oz,Automotive,Oz,
Ferrari,2018,Honeywell,Industrial,Honeywell,
Ferrari,2018,Veuve Clicquot,Beverages/Food,Veuve Clicquot,
Aston Martin,2018,Sahara,Finance,Sahara,
Aston Martin,2018,BWT,Water Technology,BWT,
Aston Martin,2018,Claro,Telecom,Claro,
Aston Martin,2018,Duo Group,Industrial,Duo Group,
Aston Martin,2018,Hype Energy,Beverages/Food,Hype Energy,
Aston Martin,2018,Infinitum,Telecom,Infinitum,
Aston Martin,2018,Kingfisher,Beverages/Food,Kingfisher,
Aston Martin,2018,Magnesium Mineralised Water,Beverages/Food,Magnesium Mineralised Water,
Aston Martin,2018,NEC Corporation,Technology,NEC Corporation,
Aston Martin,2018,Pemex,Energy/Oil,Pemex,
Aston Martin,2018,Telcel,Telecom,Telcel,
Aston Martin,2018,Telmex,Telecom,Telmex,
Aston Martin,2018,Vonhaucke,Industrial,Vonhaucke,
Aston Martin,2018,Adaptavist,Technology,Adaptavist,
Aston Martin,2018,Alpinestars,Apparel,Alpinestars,
Aston Martin,2018,Koni,Automotive,Koni,
Aston Martin,2018,Orange Bus,Technology,Orange Bus,
Aston Martin,2018,Pirelli,Automotive,Pirelli,
Aston Martin,2018,Ravenol,Energy/Oil,Ravenol,
Aston Martin,2018,Univa,Technology,Univa,
Aston Martin,2018,3D Systems,Technology,3D Systems,
Aston Martin,2018,Apsley,Consumer Goods,Apsley,
Aston Martin,2018,Condeco,Technology,Condeco,
Aston Martin,2018,Branded Designs,Marketing,Branded Designs,
Aston Martin,2018,Farah,Apparel,Farah,
Aston Martin,2018,Gtechniq,Automotive,Gtechniq,
Aston Martin,2018,ITEC,Technology,ITEC,
Aston Martin,2018,SAS Global,Industrial,SAS Global,
Aston Martin,2018,Schuberth,Automotive,Schuberth,
Aston Martin,2018,STL,Technology,STL,
Aston Martin,2018,Still,Industrial,Still,
Aston Martin,2018,The Roastery,Beverages/Food,The Roastery,
Aston Martin,2018,UPS Direct,Logistics,UPS Direct,
Aston Martin,2018,Voip Unlimited,Telecom,Voip Unlimited,
Aston Martin,2018,WyndyMilla,Consumer Goods,WyndyMilla,
Haas,2018,Haas Automation,Industrial,Haas Automation,
Haas,2018,Alpinestars,Apparel,Alpinestars,
Haas,2018,Pirelli,Automotive,Pirelli,
Haas,2018,Jack & Jones,Apparel,Jack & Jones,
Haas,2018,Richard Mille,Luxury Watches,Richard Mille,
Haas,2018,Wind Shear,Aerospace,Wind Shear,
McLaren,2018,Dell Technologies,Technology,Dell Technologies,
McLaren,2018,NTT Communications,Telecom,NTT Communications,
McLaren,2018,Petrobras,Energy/Oil,Petrobras,
McLaren,2018,Logitech,Technology,Logitech,
McLaren,2018,Airgain,Technology,Airgain,
McLaren,2018,Pirelli,Automotive,Pirelli,
McLaren,2018,SAP,Technology,SAP,
McLaren,2018,Akebono,Automotive,Akebono,
McLaren,2018,Chandon,Beverages/Food,Chandon,
McLaren,2018,Richard Mille,Luxury Watches,Richard Mille,
McLaren,2018,Kimoa,Apparel,Kimoa,
McLaren,2018,Hilton,Hospitality,Hilton,
McLaren,2018,Norton Rose Fulbright,Legal,Norton Rose Fulbright,
McLaren,2018,CNBC,Media,CNBC,
McLaren,2018,Stratasys,Technology,Stratasys,
McLaren,2018,Enkei,Automotive,Enkei,
McLaren,2018,Mazak Machine Tools,Industrial,Mazak Machine Tools,
McLaren,2018,Kenwood,Consumer Electronics,Kenwood,
McLaren,2018,TechnoGym,Fitness,TechnoGym,
McLaren,2018,Volvo Trucks,Automotive,Volvo Trucks,
McLaren,2018,Sparco,Automotive,Sparco,
McLaren,2018,AkzoNobel-Sikkens,Industrial,AkzoNobel-Sikkens,
McLaren,2018,LAT_56,Technology,LAT_56,
McLaren,2018,Hookit,Technology,Hookit,
McLaren,2018,Calsonic Kansei,Automotive,Calsonic Kansei,
Mercedes,2018,AMG Petronas,Energy/Oil,AMG Petronas,
Mercedes,2018,UBS,Finance,UBS,
Mercedes,2018,Qualcomm,Technology,Qualcomm,
Mercedes,2018,Epson,Technology,Epson,
Mercedes,2018,Bose,Consumer Electronics,Bose,
Mercedes,2018,Tommy Hilfiger,Fashion,Tommy Hilfiger,
Mercedes,2018,IWC Schaffhausen,Luxury Watches,IWC Schaffhausen,
Mercedes,2018,Wihuri,Industrial,Wihuri,
Mercedes,2018,Monster Energy,Beverages/Food,Monster Energy,
Mercedes,2018,Pure Storage,Technology,Pure Storage,
Mercedes,2018,TIBCO,Technology,TIBCO,
Mercedes,2018,Starwood,Hospitality,Starwood,
Mercedes,2018,Puma,Apparel,Puma,
Mercedes,2018,ebmpapst,Industrial,ebmpapst,
Mercedes,2018,Tata Communications,Telecom,Tata Communications,
Mercedes,2018,NetJets,Aviation,NetJets,
Mercedes,2018,DB Schenker,Logistics,DB Schenker,
Mercedes,2018,Rubrik,Cybersecurity,Rubrik,
Mercedes,2018,OMP,Automotive,OMP,
Mercedes,2018,Spies Hecker,Industrial,Spies Hecker,
Mercedes,2018,Assos,Apparel,Assos,
Mercedes,2018,OZ Racing,Automotive,OZ Racing,
Mercedes,2018,Endless,Automotive,Endless,
Mercedes,2018,Pirelli,Automotive,Pirelli,
Red Bull,2018,Aston Martin,Automotive,Aston Martin,
Red Bull,2018,ExxonMobil,Energy/Oil,ExxonMobil,
Red Bull,2018,Tag Heuer,Luxury Watches,Tag Heuer,
Red Bull,2018,Puma,Apparel,Puma,
Red Bull,2018,Citrix,Technology,Citrix,
Red Bull,2018,Rauch,Beverages/Food,Rauch,
Red Bull,2018,Hisense,Consumer Electronics,Hisense,
Red Bull,2018,AT&T,Telecom,AT&T,
Red Bull,2018,Siemens,Industrial,Siemens,
Red Bull,2018,IBM Spectrum,Technology,IBM Spectrum,
Red Bull,2018,Hexagon,Technology,Hexagon,
Red Bull,2018,DMG Mori,Industrial,DMG Mori,
Red Bull,2018,PWR,Automotive,PWR,
Red Bull,2018,Ansys,Technology,Ansys,
Red Bull,2018,Pirelli,Automotive,Pirelli,
Red Bull,2018,Sabelt,Automotive,Sabelt,
Red Bull,2018,Flir,Technology,Flir,
Red Bull,2018,OZ Racing,Automotive,OZ Racing,
Red Bull,2018,HPE Simplivity,Technology,HPE Simplivity,
Red Bull,2018,Earin,Consumer Electronics,Earin,
Red Bull,2018,Mitie,Services,Mitie,
Alpine/Renault,2018,Renault,Automotive,Renault,
Alpine/Renault,2018,Castrol,Energy/Oil,Castrol,
Alpine/Renault,2018,Infiniti,Automotive,Infiniti,
Alpine/Renault,2018,RCI Bank and Services,Finance,RCI Bank and Services,
Alpine/Renault,2018,Estrella Galicia,Beverages/Food,Estrella Galicia,
Alpine/Renault,2018,Mapfre,Insurance,Mapfre,
Alpine/Renault,2018,Microsoft,Technology,Microsoft,
Alpine/Renault,2018,Eurodatacar,Technology,Eurodatacar,
Alpine/Renault,2018,Bell & Ross,Luxury Watches,Bell & Ross,
Alpine/Renault,2018,BP Ultimate,Energy/Oil,BP Ultimate,
Alpine/Renault,2018,Tmall,E-commerce,Tmall,
Alpine/Renault,2018,LaLiga,Sports/League,LaLiga,
Alpine/Renault,2018,Genii,Investment,Genii,
Alpine/Renault,2018,3D Systems,Technology,3D Systems,
Alpine/Renault,2018,Alpinestars,Apparel,Alpinestars,
Alpine/Renault,2018,Athletic Propulsion Labs,Apparel,Athletic Propulsion Labs,
Alpine/Renault,2018,Boeing,Aerospace,Boeing,
Alpine/Renault,2018,Breton,Industrial,Breton,
Alpine/Renault,2018,Elysium,Technology,Elysium,
Alpine/Renault,2018,GF Machining Solutions,Industrial,GF Machining Solutions,
Alpine/Renault,2018,Goodwill Private Jets,Aviation,Goodwill Private Jets,
Alpine/Renault,2018,Hechter,Apparel,Hechter,
Alpine/Renault,2018,Ixell,Automotive,Ixell,
Alpine/Renault,2018,Le Coq Sportif,Apparel,Le Coq Sportif,
Alpine/Renault,2018,Matrix,Technology,Matrix,
Alpine/Renault,2018,OZ,Automotive,OZ,
Alpine/Renault,2018,PerkinElmer,Life Sciences,PerkinElmer,
Alpine/Renault,2018,Pirelli,Automotive,Pirelli,
Alpine/Renault,2018,Siemens,Industrial,Siemens,
Alpine/Renault,2018,YXLON,Industrial,YXLON,
Sauber/Alfa Romeo,2018,Alfa Romeo,Automotive,Alfa Romeo,
Sauber/Alfa Romeo,2018,Silanna,Technology,Silanna,
Sauber/Alfa Romeo,2018,Carrera,Consumer Goods,Carrera,
Sauber/Alfa Romeo,2018,Claro,Telecom,Claro,
Sauber/Alfa Romeo,2018,Richard Mille,Luxury Watches,Richard Mille,
Sauber/Alfa Romeo,2018,Additive Industries,Industrial,Additive Industries,
Sauber/Alfa Romeo,2018,Hewlett Packard Enterprises,Technology,Hewlett Packard Enterprises,
Sauber/Alfa Romeo,2018,Kappa,Apparel,Kappa,
Sauber/Alfa Romeo,2018,Mitsubishi Electric,Industrial,Mitsubishi Electric,
Sauber/Alfa Romeo,2018,OMP,Automotive,OMP,
Sauber/Alfa Romeo,2018,Pirelli,Automotive,Pirelli,
Sauber/Alfa Romeo,2018,Walter Meier,Industrial,Walter Meier,
Sauber/Alfa Romeo,2018,Thomann Nutzfahrzeuge,Automotive,Thomann Nutzfahrzeuge,
Sauber/Alfa Romeo,2018,Brütsch/Rüegger,Industrial,Brütsch/Rüegger,
Sauber/Alfa Romeo,2018,Carbon-Connect,Industrial,Carbon-Connect,
Sauber/Alfa Romeo,2018,Interroll,Industrial,Interroll,
Sauber/Alfa Romeo,2018,MTO,Industrial,MTO,
Sauber/Alfa Romeo,2018,Riedel,Technology,Riedel,
Sauber/Alfa Romeo,2018,Singapore Airlines,Aviation,Singapore Airlines,
Sauber/Alfa Romeo,2018,Garage Italia,Automotive,Garage Italia,
RB/AlphaTauri,2018,Red Bull,Beverages/Food,Red Bull,
RB/AlphaTauri,2018,Acronis,Cybersecurity,Acronis,
RB/AlphaTauri,2018,Edifice Casio,Consumer Electronics,Edifice Casio,
RB/AlphaTauri,2018,Honda,Automotive,Honda,
RB/AlphaTauri,2018,Pirelli,Automotive,Pirelli,
RB/AlphaTauri,2018,Siemens,Industrial,Siemens,
RB/AlphaTauri,2018,Riedel,Technology,Riedel,
RB/AlphaTauri,2018,Gi Group,Staffing,Gi Group,
RB/AlphaTauri,2018,Hangar-7,Hospitality,Hangar-7,
RB/AlphaTauri,2018,APP Tech,Technology,APP Tech,
Williams,2018,Martini,Beverages/Food,Martini,
Williams,2018,Rexona,Consumer Goods,Rexona,
Williams,2018,JCB,Industrial,JCB,
Williams,2018,SMP Racing,Automotive,SMP Racing,
Williams,2018,Oris,Luxury Watches,Oris,
Williams,2018,BT,Telecom,BT,
Williams,2018,Acronis,Cybersecurity,Acronis,
Williams,2018,Financial.org,Finance,Financial.org,
Williams,2018,Bombardier,Aerospace,Bombardier,
Williams,2018,Canada Life,Finance,Canada Life,
Williams,2018,Pirelli,Automotive,Pirelli,
Williams,2018,Symantec,Cybersecurity,Symantec,
Williams,2018,PPG,Industrial,PPG,
Williams,2018,Alpinestars,Apparel,Alpinestars,
Sauber/Alfa Romeo,2019,Alfa Romeo,Automotive,Alfa Romeo,
Sauber/Alfa Romeo,2019,Adler,Industrial,Adler,
Sauber/Alfa Romeo,2019,Carrera,Fashion,Carrera,
Sauber/Alfa Romeo,2019,Claro,Telecom,Claro,
Sauber/Alfa Romeo,2019,Richard Mille,Luxury Watches,Richard Mille,
Sauber/Alfa Romeo,2019,Singha,Beverages/Food,Singha,
Sauber/Alfa Romeo,2019,EGV,Other,EGV,
Sauber/Alfa Romeo,2019,Globeair,Aviation,Globeair,
Sauber/Alfa Romeo,2019,HP,Technology,HP,
Sauber/Alfa Romeo,2019,Iveco,Automotive,Iveco,
Sauber/Alfa Romeo,2019,Mitsubishi,Industrial,Mitsubishi,
Sauber/Alfa Romeo,2019,New Balance,Apparel,New Balance,
Sauber/Alfa Romeo,2019,Pirelli,Automotive,Pirelli,
Sauber/Alfa Romeo,2019,Save the Children,Nonprofit,Save the Children,
Sauber/Alfa Romeo,2019,Sparco,Automotive,Sparco,
Sauber/Alfa Romeo,2019,Walter Meier,Industrial,Walter Meier,
Sauber/Alfa Romeo,2019,3D Systems,Technology,3D Systems,
Sauber/Alfa Romeo,2019,Brutsch-Ruegger,Industrial,Brutsch-Ruegger,
Sauber/Alfa Romeo,2019,Carbon Connect,Industrial,Carbon Connect,
Sauber/Alfa Romeo,2019,Interroll,Industrial,Interroll,
Sauber/Alfa Romeo,2019,Riedel,Technology,Riedel,
Sauber/Alfa Romeo,2019,Singapore Airlines,Aviation,Singapore Airlines,
Ferrari,2019,Phillip Morris International,Tobacco,Phillip Morris International,
Ferrari,2019,Shell,Energy/Oil,Shell,
Ferrari,2019,Ray-Ban,Fashion,Ray-Ban,
Ferrari,2019,Kaspersky,Cybersecurity,Kaspersky,
Ferrari,2019,UPS,Logistics,UPS,
Ferrari,2019,Lenovo,Technology,Lenovo,
Ferrari,2019,Weichei,Other,Weichei,
Ferrari,2019,Hublot,Luxury Watches,Hublot,
Ferrari,2019,MAHLE,Automotive,MAHLE,
Ferrari,2019,OMR,Automotive,OMR,
Ferrari,2019,AMD,Technology,AMD,
Ferrari,2019,Pirelli,Automotive,Pirelli,
Ferrari,2019,Puma,Apparel,Puma,
Ferrari,2019,Eightcap,Finance,Eightcap,
Ferrari,2019,Laszmoe,Other,Laszmoe,
Ferrari,2019,Infor,Technology,Infor,
Ferrari,2019,Experis,Staffing,Experis,
Ferrari,2019,SKF,Industrial,SKF,
Ferrari,2019,Magneti-Marelli,Automotive,Magneti-Marelli,
Ferrari,2019,NGK,Automotive,NGK,
Ferrari,2019,Brembo,Automotive,Brembo,
Ferrari,2019,Riedel,Technology,Riedel,
Ferrari,2019,VistaJet,Aviation,VistaJet,
Ferrari,2019,Iveco,Automotive,Iveco,
Haas,2019,Rich Energy,Beverages/Food,Rich Energy,
Haas,2019,Jack & Jones,Fashion,Jack & Jones,
Haas,2019,Peak,Apparel,Peak,
Haas,2019,BlueDEF,Automotive,Blue Def,S002
Haas,2019,Branded London,Other,Branded London,
Haas,2019,Richard Mille,Luxury Watches,Richard Mille,
Haas,2019,Alpinestars,Apparel,Alpinestars,
Haas,2019,Pirelli,Automotive,Pirelli,
McLaren,2019,Dell,Technology,Dell,
McLaren,2019,Petrobas,Energy/Oil,Petrobas,
McLaren,2019,Logitech,Technology,Logitech,
McLaren,2019,British American Tobacco,Tobacco,British American Tobacco,
McLaren,2019,Vive,Technology,Vive,
McLaren,2019,Estrella Galicia,Beverages/Food,Estrella Galicia,
McLaren,2019,Hilton,Hospitality,Hilton,
McLaren,2019,FxPro,Finance,FxPro,
McLaren,2019,CNBC,Media,CNBC,
McLaren,2019,SAP,Technology,SAP,
McLaren,2019,KAUST,Education,KAUST,
McLaren,2019,Huski Chocolate,Beverages/Food,Huski Chocolate,
McLaren,2019,Richard Mille,Luxury Watches,Richard Mille,
McLaren,2019,Sparco,Automotive,Sparco,
McLaren,2019,Volvo Trucks,Automotive,Volvo,S001
McLaren,2019,Sikkens,Industrial,Sikkens,
McLaren,2019,Enkei,Automotive,Enkei,
McLaren,2019,Mazak,Industrial,Mazak,
McLaren,2019,Calsonic Kansei,Automotive,Calsonic Kansei,
McLaren,2019,Technogym,Fitness,Technogym,
McLaren,2019,Hookit,Technology,Hookit,
McLaren,2019,Kenwood,Consumer Electronics,Kenwood,
McLaren,2019,Stratasys,Technology,Stratasys,
McLaren,2019,Pirelli,Automotive,Pirelli,
McLaren,2019,IT Lab,Technology,IT Lab,
Mercedes,2019,Petronas,Energy/Oil,Petronas,
Mercedes,2019,UBS,Finance,UBS,
Mercedes,2019,Qualcomm,Technology,Qualcomm,
Mercedes,2019,Epson,Technology,Epson,
Mercedes,2019,Bose,Consumer Electronics,Bose,
Mercedes,2019,Tommy Hilfiger,Fashion,Tommy Hilfiger,
Mercedes,2019,IWC Schaffhausen,Luxury Watches,IWC Schaffhausen,
Mercedes,2019,Hewlett Packard Enterprise,Technology,Hewlett Packard Enterprise,
Mercedes,2019,Marriott Bonvoy,Hospitality,Marriott Bonvoy,
Mercedes,2019,Monster Energy,Beverages/Food,Monster Energy,
Mercedes,2019,Pure Storage,Technology,Pure Storage,
Mercedes,2019,CrowdStrike,Cybersecurity,CrowdStrike,
Mercedes,2019,Tibco,Technology,Tibco,
Mercedes,2019,Puma,Apparel,Puma,
Mercedes,2019,Ebmpapst,Industrial,Ebmpapst,
Mercedes,2019,Tata Communications,Telecom,Tata Communications,
Mercedes,2019,Konecranes,Industrial,Konecranes,
Mercedes,2019,OMP,Automotive,OMP,
Mercedes,2019,Axalta,Industrial,Axalta,
Mercedes,2019,Assos,Apparel,Assos,
Mercedes,2019,Oz Racing,Automotive,Oz Racing,
Mercedes,2019,Endless,Automotive,Endless,
Mercedes,2019,Pirelli,Automotive,Pirelli,
Mercedes,2019,Seedlip,Beverages/Food,Seedlip,
Aston Martin,2019,SportsPesa,Gambling/Betting,SportsPesa,
Aston Martin,2019,BWT,Water Technology,BWT,
Aston Martin,2019,Bombardier,Aerospace,Bombardier,
Aston Martin,2019,Breast Cancer Care,Nonprofit,Breast Cancer Care,
Aston Martin,2019,Canada Life,Insurance,Canada Life,
Aston Martin,2019,Claro,Telecom,Claro,
Aston Martin,2019,Infinitum,Industrial,Infinitum,
Aston Martin,2019,JCB,Industrial,JCB,
Aston Martin,2019,NEC,Technology,NEC,
Aston Martin,2019,Telcel,Telecom,Telcel,
Aston Martin,2019,Acronis,Technology,Acronis,
Aston Martin,2019,Orangebus,Technology,Orangebus,
Aston Martin,2019,Pirelli,Automotive,Pirelli,
Aston Martin,2019,Ravenol,Automotive,Ravenol,
Aston Martin,2019,Univa,Technology,Univa,
Aston Martin,2019,3D Systems,Technology,3D Systems,
Aston Martin,2019,Condeco,Technology,Condeco,
Aston Martin,2019,Gtechniq,Automotive,Gtechniq,
Aston Martin,2019,Hackett,Fashion,Hackett,
Aston Martin,2019,ITEC,Industrial,ITEC,
Aston Martin,2019,RNT,Other,RNT,
Aston Martin,2019,SAS,Technology,SAS,
Aston Martin,2019,Schuberth,Automotive,Schuberth,
Aston Martin,2019,STL,Other,STL,
Aston Martin,2019,UPS Direct,Power/UPS,UPS Direct,
Aston Martin,2019,Voip Unlimited,Telecom,Voip Unlimited,
Red Bull,2019,Aston Martin,Automotive,Aston Martin,
Red Bull,2019,Rauch,Beverages/Food,Rauch,
Red Bull,2019,Honda,Automotive,Honda,
Red Bull,2019,Mobil1,Energy/Oil,Mobil1,
Red Bull,2019,Esso,Energy/Oil,Esso,
Red Bull,2019,Tag Heuer,Luxury Watches,Tag Heuer,
Red Bull,2019,Citrix,Technology,Citrix,
Red Bull,2019,Siemens,Industrial,Siemens,
Red Bull,2019,HP,Technology,HP,
Red Bull,2019,AT&T,Telecom,AT&T,
Red Bull,2019,IBM,Technology,IBM,
Red Bull,2019,W66.com,Gambling/Betting,W66.com,
Red Bull,2019,Puma,Apparel,Puma,
Red Bull,2019,Dita Eyewear,Fashion,Dita Eyewear,
Red Bull,2019,Pirelli,Automotive,Pirelli,
Alpine/Renault,2019,Castrol,Energy/Oil,Castrol,
Alpine/Renault,2019,Infiniti,Automotive,Infiniti,
Alpine/Renault,2019,RCI,Finance,RCI,
Alpine/Renault,2019,Mapfre,Insurance,Mapfre,
Alpine/Renault,2019,BP Ultimate,Energy/Oil,BP Ultimate,
Alpine/Renault,2019,Euro DataCar,Technology,Euro DataCar,
Alpine/Renault,2019,Bell & Ross,Luxury Watches,Bell & Ross,
Alpine/Renault,2019,Tmall,Ecommerce,Tmall,
Alpine/Renault,2019,Genii,Investment,Genii,
Alpine/Renault,2019,3D Systems,Technology,3D Systems,
Alpine/Renault,2019,Boeing,Aerospace,Boeing,
Alpine/Renault,2019,Breton,Industrial,Breton,
Alpine/Renault,2019,Elysium,Other,Elysium,
Alpine/Renault,2019,GF+,Industrial,GF+,
Alpine/Renault,2019,Siemens,Industrial,Siemens,
Alpine/Renault,2019,Alpinestars,Apparel,Alpinestars,
Alpine/Renault,2019,Pirelli,Automotive,Pirelli,
Alpine/Renault,2019,Le Coq Sportif,Apparel,Le Coq Sportif,
Alpine/Renault,2019,Oz Racing,Automotive,Oz Racing,
Alpine/Renault,2019,Renault Pro+,Automotive,Renault Pro+,
RB/AlphaTauri,2019,Red Bull,Beverages/Food,Red Bull,
RB/AlphaTauri,2019,Honda,Automotive,Honda,
RB/AlphaTauri,2019,MyWorld,Other,MyWorld,
RB/AlphaTauri,2019,Pirelli,Automotive,Pirelli,
RB/AlphaTauri,2019,Siemens,Industrial,Siemens,
RB/AlphaTauri,2019,Randstad,Staffing,Randstad,
RB/AlphaTauri,2019,Red Bull Mobile,Telecom,Red Bull Mobile,
RB/AlphaTauri,2019,Riedel,Technology,Riedel,
RB/AlphaTauri,2019,Edifice Casio,Luxury Watches,Edifice Casio,
Williams,2019,Rokit,Technology,Rokit,
Williams,2019,Rexona,Consumer Goods,Rexona,
Williams,2019,Orlen,Energy/Oil,Orlen,
Williams,2019,Acronis,Technology,Acronis,
Williams,2019,Omnitude,Technology,Omnitude,
Williams,2019,Sofina,Investment,Sofina,
Williams,2019,Netjets,Aviation,Netjets,
Williams,2019,Symantec,Cybersecurity,Symantec,
Williams,2019,Tata Communications,Telecom,Tata Communications,
Williams,2019,Thales,Technology,Thales,
Williams,2019,Dtex,Cybersecurity,Dtex,
Williams,2019,Michael Caines,Hospitality,Michael Caines,
Williams,2019,Geospatial Insight,Technology,Geospatial Insight,
Williams,2019,Alpinestars,Apparel,Alpinestars,
Williams,2019,Cybex,Consumer Goods,Cybex,
Williams,2019,Pirelli,Automotive,Pirelli,
Mercedes,2020,Petronas,Energy/Oil,Petronas,
Mercedes,2020,INEOS,Chemicals,INEOS,
Mercedes,2020,UBS,Finance,UBS,
Mercedes,2020,Epson,Technology,Epson,
Mercedes,2020,Bose,Consumer Electronics,Bose,
Mercedes,2020,Tommy Hilfiger,Fashion,Tommy Hilfiger,
Mercedes,2020,IWC,Luxury Watches,IWC,
Mercedes,2020,Hewlett Packard,Technology,Hewlett Packard,
Mercedes,2020,The Ritz-Carlton,Hospitality,The Ritz-Carlton,
Mercedes,2020,Monster Energy,Beverages/Food,Monster Energy,
Mercedes,2020,Pure Storage,Technology,Pure Storage,
Mercedes,2020,CrowdStrike,Cybersecurity,CrowdStrike,
Mercedes,2020,TIBCO,Technology,TIBCO,
Mercedes,2020,AMD,Technology,AMD,
Mercedes,2020,Puma,Apparel,Puma,
Mercedes,2020,Police,Fashion,Police,
Mercedes,2020,OMP,Automotive,OMP,
Mercedes,2020,OZ Racing,Automotive,OZ Racing,
Mercedes,2020,Endless,Automotive,Endless,
Mercedes,2020,Stilo,Automotive,Stilo,
Mercedes,2020,Seedlip,Beverages/Food,Seedlip,
Mercedes,2020,Pirelli,Automotive,Pirelli,
Ferrari,2020,Philip Morris International,Tobacco,Philip Morris International,
Ferrari,2020,Shell,Energy/Oil,Shell,
Ferrari,2020,Ray Ban,Fashion,Ray Ban,
Ferrari,2020,Kapersky,Cybersecurity,Kapersky,
Ferrari,2020,UPS,Logistics,UPS,
Ferrari,2020,Hublot,Luxury Watches,Hublot,
Ferrari,2020,Mahle,Automotive,Mahle,
Ferrari,2020,OMR,Media,OMR,
Ferrari,2020,Puma,Apparel,Puma,
Ferrari,2020,Eightcap,Finance,Eightcap,
Ferrari,2020,Infor,Technology,Infor,
Ferrari,2020,SKF,Industrial,SKF,
Ferrari,2020,Marelli,Automotive,Marelli,
Ferrari,2020,NGK,Automotive,NGK,
Ferrari,2020,VistaJet,Aviation,VistaJet,
Ferrari,2020,Brembo,Automotive,Brembo,
Ferrari,2020,Experis,Staffing,Experis,
Ferrari,2020,Riedel,Technology,Riedel,
Ferrari,2020,Iveco,Automotive,Iveco,
Ferrari,2020,OZ racing,Automotive,OZ racing,
Ferrari,2020,Sabelt,Automotive,Sabelt,
Ferrari,2020,Bell,Automotive,Bell,
Ferrari,2020,Palantir,Technology,Palantir,
Ferrari,2020,Alfa Romeo,Automotive,Alfa Romeo,
Ferrari,2020,Garrett,Automotive,Garrett,
Ferrari,2020,Technogym,Fitness,Technogym,
Ferrari,2020,Pirelli,Automotive,Pirelli,
Red Bull,2020,Rauch,Beverages/Food,Rauch,
Red Bull,2020,Honda,Automotive,Honda,
Red Bull,2020,Mobil 1 Esso,Energy/Oil,Mobil 1 Esso,
Red Bull,2020,Aston Martin,Automotive,Aston Martin,
Red Bull,2020,Puma,Apparel,Puma,
Red Bull,2020,Tag Heuer,Luxury Watches,Tag Heuer,
Red Bull,2020,Citrix,Technology,Citrix,
Red Bull,2020,Piquadro,Fashion,Piquadro,
Red Bull,2020,Siemens,Industrial,Siemens,
Red Bull,2020,AT&T,Telecom,AT&T,
Red Bull,2020,Hewlett Packard,Technology,Hewlett Packard,
Red Bull,2020,Iris,Technology,Iris,
Red Bull,2020,AlphaTauri,Apparel,AlphaTauri,
Red Bull,2020,IBM,Technology,IBM,
Red Bull,2020,Dita,Fashion,Dita,
Red Bull,2020,W66.com,Gambling/Betting,W66.com,
Red Bull,2020,PayVoo,Payments,PayVoo,
Red Bull,2020,myWorld,Finance,myWorld,
Red Bull,2020,Hexagon,Technology,Hexagon,
Red Bull,2020,DMG Mori,Industrial,DMG Mori,
Red Bull,2020,PWR,Automotive,PWR,
Red Bull,2020,Snowflake,Technology,Snowflake,
Red Bull,2020,Ansys,Technology,Ansys,
Red Bull,2020,Sabelt,Automotive,Sabelt,
Red Bull,2020,OZ,Automotive,OZ,
Red Bull,2020,Mitie,Services,Mitie,
Red Bull,2020,kx technology,Technology,kx technology,
Red Bull,2020,GoldStandard,Finance,GoldStandard,
Red Bull,2020,Pirelli,Automotive,Pirelli,
McLaren,2020,British-American Tobacco,Tobacco,British-American Tobacco,
McLaren,2020,Splunk,Technology,Splunk,
McLaren,2020,DarkTrace,Cybersecurity,DarkTrace,
McLaren,2020,Dell,Technology,Dell,
McLaren,2020,Huski Chocolate,Beverages/Food,Huski Chocolate,
McLaren,2020,Gulf,Energy/Oil,Gulf,
McLaren,2020,Arrow,Technology,Arrow,
McLaren,2020,Estrella Galicia,Beverages/Food,Estrella Galicia,
McLaren,2020,Automation Anywhere,Technology,Automation Anywhere,
McLaren,2020,Richard Mille,Luxury Watches,Richard Mille,
McLaren,2020,Hilton,Hospitality,Hilton,
McLaren,2020,Coca Cola,Beverages/Food,Coca Cola,
McLaren,2020,Unilever,Consumer Goods,Unilever,
McLaren,2020,FxPro,Finance,FxPro,
McLaren,2020,Deloitte,Professional Services,Deloitte,
McLaren,2020,TUMI,Fashion,TUMI,
McLaren,2020,Iqoniq,Apparel,Iqoniq,
McLaren,2020,Mind,Technology,Mind,
McLaren,2020,CNBC,Media,CNBC,
McLaren,2020,Oneplus,Technology,Oneplus,
McLaren,2020,Mindmaze,Technology,Mindmaze,
McLaren,2020,Klipsch,Consumer Electronics,Klipsch,
McLaren,2020,Akebono,Automotive,Akebono,
McLaren,2020,Sparco,Automotive,Sparco,
McLaren,2020,Volvo trucks,Automotive,Volvo trucks,
McLaren,2020,Sikkens,Industrial,Sikkens,
McLaren,2020,Enkei,Automotive,Enkei,
McLaren,2020,Mazak,Industrial,Mazak,
McLaren,2020,Marelli,Automotive,Marelli,
McLaren,2020,Technogym,Fitness,Technogym,
McLaren,2020,Ashurst,Legal,Ashurst,
McLaren,2020,Stratasys,Technology,Stratasys,
McLaren,2020,Kaust,Education,Kaust,
McLaren,2020,Hookit,Technology,Hookit,
McLaren,2020,wipro,Technology,wipro,
McLaren,2020,Alienware,Technology,Alienware,
McLaren,2020,Veloce Esports,Esports,Veloce Esports,
McLaren,2020,Ultimotive,Automotive,Ultimotive,
McLaren,2020,NEW ERA,Apparel,NEW ERA,
McLaren,2020,FAI Aviation Group,Aviation,FAI Aviation Group,
McLaren,2020,Pirelli,Automotive,Pirelli,
Alpine/Renault,2020,DP World,Logistics,DP World,
Alpine/Renault,2020,Castrol,Energy/Oil,Castrol,
Alpine/Renault,2020,Infiniti,Automotive,Infiniti,
Alpine/Renault,2020,RCi,Finance,RCi,
Alpine/Renault,2020,MAPFRE,Insurance,MAPFRE,
Alpine/Renault,2020,BP Ultimate,Energy/Oil,BP Ultimate,
Alpine/Renault,2020,Dupont,Chemicals,Dupont,
Alpine/Renault,2020,Microsoft,Technology,Microsoft,
Alpine/Renault,2020,Bell & Ross,Luxury Watches,Bell & Ross,
Alpine/Renault,2020,TMALL,E-commerce,TMALL,
Alpine/Renault,2020,Eurodatacar,Technology,Eurodatacar,
Alpine/Renault,2020,Genii Capital,Investment,Genii Capital,
Alpine/Renault,2020,Le coq sportif,Apparel,Le coq sportif,
Alpine/Renault,2020,3D systems,Technology,3D systems,
Alpine/Renault,2020,Alpinestars,Apparel,Alpinestars,
Alpine/Renault,2020,Boeing,Aerospace,Boeing,
Alpine/Renault,2020,Breton,Industrial,Breton,
Alpine/Renault,2020,Cannondale,Consumer Goods,Cannondale,
Alpine/Renault,2020,Elysium,Technology,Elysium,
Alpine/Renault,2020,GF Machining solutions,Industrial,GF Machining solutions,
Alpine/Renault,2020,Hechter,Apparel,Hechter,
Alpine/Renault,2020,Hexis,Industrial,Hexis,
Alpine/Renault,2020,HP,Technology,HP,
Alpine/Renault,2020,ixell,Automotive,ixell,
Alpine/Renault,2020,Jabil,Technology,Jabil,
Alpine/Renault,2020,Matrix,Technology,Matrix,
Alpine/Renault,2020,OZ Racing,Automotive,OZ Racing,
Alpine/Renault,2020,PerkinElmer,Life Sciences,PerkinElmer,
Alpine/Renault,2020,Siemens,Industrial,Siemens,
Alpine/Renault,2020,Verizon Media,Media,Verizon Media,
Alpine/Renault,2020,Volume Graphics,Technology,Volume Graphics,
Alpine/Renault,2020,Yxlon,Industrial,Yxlon,
Alpine/Renault,2020,Pirelli,Automotive,Pirelli,
RB/AlphaTauri,2020,myWorld,Finance,myWorld,
RB/AlphaTauri,2020,MOOSE,Consumer Goods,MOOSE,
RB/AlphaTauri,2020,AlphaTauri,Apparel,AlphaTauri,
RB/AlphaTauri,2020,Red Bull,Beverages/Food,Red Bull,
RB/AlphaTauri,2020,Honda,Automotive,Honda,
RB/AlphaTauri,2020,Edifice Casio,Consumer Electronics,Edifice Casio,
RB/AlphaTauri,2020,Randstad,Staffing,Randstad,
RB/AlphaTauri,2020,RDS,Technology,RDS,
RB/AlphaTauri,2020,Riedel,Technology,Riedel,
RB/AlphaTauri,2020,Siemens,Industrial,Siemens,
RB/AlphaTauri,2020,Red Bull Mobile,Telecom,Red Bull Mobile,
RB/AlphaTauri,2020,Hangar 7,Hospitality,Hangar 7,
RB/AlphaTauri,2020,Pirelli,Automotive,Pirelli,
Sauber/Alfa Romeo,2020,Alfa Romeo,Automotive,Alfa Romeo,
Sauber/Alfa Romeo,2020,PKN ORLEN,Energy/Oil,PKN ORLEN,
Sauber/Alfa Romeo,2020,Adler Pelzer Group,Industrial,Adler Pelzer Group,
Sauber/Alfa Romeo,2020,Carrera,Consumer Goods,Carrera,
Sauber/Alfa Romeo,2020,Claro,Telecom,Claro,
Sauber/Alfa Romeo,2020,Richard Mille,Luxury Watches,Richard Mille,
Sauber/Alfa Romeo,2020,Acer,Technology,Acer,
Sauber/Alfa Romeo,2020,Built for Athletes,Apparel,Built for Athletes,
Sauber/Alfa Romeo,2020,Singha,Beverages/Food,Singha,
Sauber/Alfa Romeo,2020,Additive industries,Industrial,Additive industries,
Sauber/Alfa Romeo,2020,EGV1,Technology,EGV1,
Sauber/Alfa Romeo,2020,GlobeAir,Aviation,GlobeAir,
Sauber/Alfa Romeo,2020,Hewlett Packard,Technology,Hewlett Packard,
Sauber/Alfa Romeo,2020,Iveco,Automotive,Iveco,
Sauber/Alfa Romeo,2020,Marelli,Automotive,Marelli,
Sauber/Alfa Romeo,2020,Mitsubishi Electric,Industrial,Mitsubishi Electric,
Sauber/Alfa Romeo,2020,Save the Children,Nonprofit,Save the Children,
Sauber/Alfa Romeo,2020,Sparco,Automotive,Sparco,
Sauber/Alfa Romeo,2020,Walter Meier,Industrial,Walter Meier,
Sauber/Alfa Romeo,2020,3D Systems,Technology,3D Systems,
Sauber/Alfa Romeo,2020,AB Dynamic,Technology,AB Dynamic,
Sauber/Alfa Romeo,2020,Brutsch-Ruegger,Industrial,Brutsch-Ruegger,
Sauber/Alfa Romeo,2020,Carbon Connect,Industrial,Carbon Connect,
Sauber/Alfa Romeo,2020,Interoll,Industrial,Interoll,
Sauber/Alfa Romeo,2020,Quintus,Industrial,Quintus,
Sauber/Alfa Romeo,2020,Riedel,Technology,Riedel,
Sauber/Alfa Romeo,2020,Singapore Airlines,Aviation,Singapore Airlines,
Sauber/Alfa Romeo,2020,Pirelli,Automotive,Pirelli,
Aston Martin,2020,Bombardier,Aerospace,Bombardier,
Aston Martin,2020,Breast Cancer Care,Nonprofit,Breast Cancer Care,
Aston Martin,2020,BWT,Water Technology,BWT,
Aston Martin,2020,Canadalife,Finance,Canadalife,
Aston Martin,2020,Claro,Telecom,Claro,
Aston Martin,2020,Infinitum,Telecom,Infinitum,
Aston Martin,2020,JCB,Industrial,JCB,
Aston Martin,2020,Magnesium,Beverages/Food,Magnesium,
Aston Martin,2020,NEC,Technology,NEC,
Aston Martin,2020,SpScore.com,Technology,SpScore.com,
Aston Martin,2020,Sport Pesa,Gambling/Betting,Sport Pesa,
Aston Martin,2020,Telcel,Telecom,Telcel,
Aston Martin,2020,Telmex,Telecom,Telmex,
Aston Martin,2020,Acronis,Cybersecurity,Acronis,
Aston Martin,2020,Adaptavist,Technology,Adaptavist,
Aston Martin,2020,Alpinestars,Apparel,Alpinestars,
Aston Martin,2020,IFS,Technology,IFS,
Aston Martin,2020,OrangeBus,Technology,OrangeBus,
Aston Martin,2020,Ravenol,Energy/Oil,Ravenol,
Aston Martin,2020,Univa,Technology,Univa,
Aston Martin,2020,3D Systems,Technology,3D Systems,
Aston Martin,2020,Condeco,Technology,Condeco,
Aston Martin,2020,EBB3,Technology,EBB3,
Aston Martin,2020,GTECHNIQ,Automotive,GTECHNIQ,
Aston Martin,2020,Hackett,Apparel,Hackett,
Aston Martin,2020,Macauley,Consumer Goods,Macauley,
Aston Martin,2020,RNT Rausch,Industrial,RNT Rausch,
Aston Martin,2020,SAS,Industrial,SAS,
Aston Martin,2020,Schuberth,Automotive,Schuberth,
Aston Martin,2020,STL,Technology,STL,
Aston Martin,2020,UPS Direct,Logistics,UPS Direct,
Aston Martin,2020,Voip Unlimited,Telecom,Voip Unlimited,
Aston Martin,2020,Pirelli,Automotive,Pirelli,
Haas,2020,Haas Automation,Industrial,Haas Automation,
Haas,2020,Jack & Jones,Apparel,Jack & Jones,
Haas,2020,Peak,Apparel,Peak,
Haas,2020,BlueDEF,Automotive,Blue | DEF,S003 | S004
Haas,2020,Stichd,Apparel,Stichd,
Haas,2020,Alpinestars,Apparel,Alpinestars,
Haas,2020,Richard Mille,Luxury Watches,Richard Mille,
Haas,2020,Nominet Cyber,Cybersecurity,Nominet Cyber,
Haas,2020,MindMaze,Technology,MindMaze,
Haas,2020,Windshear,Aerospace,Windshear,
Haas,2020,Pirelli,Automotive,Pirelli,
Williams,2020,Acronis,Cybersecurity,Acronis,
Williams,2020,Sofina,Investment,Sofina,
Williams,2020,Lavazza,Beverages/Food,Lavazza,
Williams,2020,RBC,Finance,RBC,
Williams,2020,NetJets,Aviation,NetJets,
Williams,2020,Versa,Technology,Versa,
Williams,2020,Symantec,Cybersecurity,Symantec,
Williams,2020,Iqoniq,Apparel,Iqoniq,
Williams,2020,Umbro,Apparel,Umbro,
Williams,2020,Financial Times,Media,Financial Times,
Williams,2020,Ponos,Technology,Ponos,
Williams,2020,Alpinestars,Apparel,Alpinestars,
Williams,2020,APL,Apparel,APL,
Williams,2020,PPG,Industrial,PPG,
Williams,2020,DTEX,Cybersecurity,DTEX,
Williams,2020,Thales,Aerospace,Thales,
Williams,2020,Precision Hydration,Beverages/Food,Precision Hydration,
Williams,2020,Crew Clothing,Apparel,Crew Clothing,
Williams,2020,U Earth,Consumer Goods,U Earth,
Williams,2020,Michael Caines,Hospitality,Michael Caines,
Williams,2020,Life Fitness,Fitness,Life Fitness,
Williams,2020,Pirelli,Automotive,Pirelli,
Mercedes,2021,Petronas,Energy/Oil,Petronas,
Mercedes,2021,INEOS,Chemicals,INEOS,
Mercedes,2021,UBS,Finance,UBS,
Mercedes,2021,Epson,Technology,Epson,
Mercedes,2021,Bose,Consumer Electronics,Bose,
Mercedes,2021,Tommy Hilfiger,Fashion,Tommy Hilfiger,
Mercedes,2021,IWC,Luxury Watches,IWC,
Mercedes,2021,Hewlett Packard,Technology,Hewlett Packard,
Mercedes,2021,The Ritz-Carlton,Hospitality,The Ritz-Carlton,
Mercedes,2021,Monster Energy,Beverages/Food,Monster Energy,
Mercedes,2021,Pure Storage,Technology,Pure Storage,
Mercedes,2021,CrowdStrike,Cybersecurity,CrowdStrike,
Mercedes,2021,TIBCO,Technology,TIBCO,
Mercedes,2021,AMD,Technology,AMD,
Mercedes,2021,Puma,Apparel,Puma,
Mercedes,2021,Police,Fashion,Police,
Mercedes,2021,OZ Racing,Automotive,OZ Racing,
Mercedes,2021,Endless,Automotive,Endless,
Mercedes,2021,Axalta,Industrial,Axalta,
Mercedes,2021,Belstaff,Fashion,Belstaff,
Mercedes,2021,Marriott Bonvoy,Hospitality,Marriott Bonvoy,
Mercedes,2021,TeamViewer,Technology,TeamViewer,
Mercedes,2021,Pirelli,Automotive,Pirelli,
Red Bull,2021,Rauch,Beverages/Food,Rauch,
Red Bull,2021,Honda,Automotive,Honda,
Red Bull,2021,Mobil 1 Esso,Energy/Oil,Mobil 1 Esso,
Red Bull,2021,Puma,Apparel,Puma,
Red Bull,2021,Tag Heuer,Luxury Watches,Tag Heuer,
Red Bull,2021,Citrix,Technology,Citrix,
Red Bull,2021,Siemens,Industrial,Siemens,
Red Bull,2021,AT&T,Telecom,AT&T,
Red Bull,2021,Inter,Finance,Inter,
Red Bull,2021,Hewlett Packard,Technology,Hewlett Packard,
Red Bull,2021,Telcel,Telecom,Telcel,
Red Bull,2021,Iris,Technology,Iris,
Red Bull,2021,AlphaTauri,Apparel,AlphaTauri,
Red Bull,2021,Hexagon,Technology,Hexagon,
Red Bull,2021,DMG Mori,Industrial,DMG Mori,
Red Bull,2021,Ansys,Technology,Ansys,
Red Bull,2021,Sabelt,Automotive,Sabelt,
Red Bull,2021,OZ Racing,Automotive,OZ Racing,
Red Bull,2021,PWR,Automotive,PWR,
Red Bull,2021,Gold Standard,Finance,Gold Standard,
Red Bull,2021,PRECOR,Fitness,PRECOR,
Red Bull,2021,Oura,Technology,Oura,
Red Bull,2021,Claro,Telecom,Claro,
Red Bull,2021,America Movil,Telecom,America Movil,
Red Bull,2021,Therabody,Fitness,Therabody,
Red Bull,2021,Oracle,Technology,Oracle,
Red Bull,2021,Walmart,Retail,Walmart,
Red Bull,2021,Pirelli,Automotive,Pirelli,
McLaren,2021,British-American Tobacco,Tobacco,British-American Tobacco,
McLaren,2021,Splunk,Technology,Splunk,
McLaren,2021,DarkTrace,Cybersecurity,DarkTrace,
McLaren,2021,Dell,Technology,Dell,
McLaren,2021,Huski Chocolate,Beverages/Food,Huski Chocolate,
McLaren,2021,Gulf,Energy/Oil,Gulf,
McLaren,2021,Arrow,Technology,Arrow,
McLaren,2021,Richard Mille,Luxury Watches,Richard Mille,
McLaren,2021,Hilton,Hospitality,Hilton,
McLaren,2021,Coca Cola,Beverages/Food,Coca Cola,
McLaren,2021,Unilever,Consumer Goods,Unilever,
McLaren,2021,FxPro,Finance,FxPro,
McLaren,2021,Deloitte,Professional Services,Deloitte,
McLaren,2021,TUMI,Fashion,TUMI,
McLaren,2021,Iqoniq,Apparel,Iqoniq,
McLaren,2021,Mind,Technology,Mind,
McLaren,2021,CNBC,Media,CNBC,
McLaren,2021,Klipsch,Consumer Electronics,Klipsch,
McLaren,2021,Sparco,Automotive,Sparco,
McLaren,2021,Volvo trucks,Automotive,Volvo trucks,
McLaren,2021,Enkei,Automotive,Enkei,
McLaren,2021,Mazak,Industrial,Mazak,
McLaren,2021,Marelli,Automotive,Marelli,
McLaren,2021,Ashurst,Legal,Ashurst,
McLaren,2021,Stratasys,Technology,Stratasys,
McLaren,2021,Kaust,Education,Kaust,
McLaren,2021,Hookit,Technology,Hookit,
McLaren,2021,Alienware,Technology,Alienware,
McLaren,2021,Veloce Esports,Esports,Veloce Esports,
McLaren,2021,Ultimotive,Automotive,Ultimotive,
McLaren,2021,NEW ERA,Apparel,NEW ERA,
McLaren,2021,FAI Aviation Group,Aviation,FAI Aviation Group,
McLaren,2021,Buzz & Co,Marketing,Buzz & Co,
McLaren,2021,Cisco Webex,Technology,Cisco Webex,
McLaren,2021,Miory Steel,Industrial,Miory Steel,
McLaren,2021,Garena,Technology,Garena,
McLaren,2021,AkzoNobel-Sikkens,Industrial,AkzoNobel-Sikkens,
McLaren,2021,Logitech G,Technology,Logitech G,
McLaren,2021,QNTMPAY,Finance,QNTMPAY,
McLaren,2021,Bitci.com,Cryptocurrency,Bitci.com,
McLaren,2021,Pirelli,Automotive,Pirelli,
Aston Martin,2021,Cognizant,Technology,Cognizant,
Aston Martin,2021,Crypto.com,Cryptocurrency,Crypto.com,
Aston Martin,2021,NetApp,Technology,NetApp,
Aston Martin,2021,SentinelOne,Cybersecurity,SentinelOne,
Aston Martin,2021,Bombardier,Aerospace,Bombardier,
Aston Martin,2021,Girard-Perregaux,Luxury Watches,Girard-Perregaux,
Aston Martin,2021,Peroni,Beverages/Food,Peroni,
Aston Martin,2021,BWT,Water Technology,BWT,
Aston Martin,2021,REPLAY,Fashion,REPLAY,
Aston Martin,2021,Ravenol,Energy/Oil,Ravenol,
Aston Martin,2021,EPOS,Consumer Electronics,EPOS,
Aston Martin,2021,JCB,Industrial,JCB,
Aston Martin,2021,EBB3,Technology,EBB3,
Aston Martin,2021,UPS Direct,Logistics,UPS Direct,
Aston Martin,2021,STL,Technology,STL,
Aston Martin,2021,Pelmark,Technology,Pelmark,
Aston Martin,2021,Voip Unlimited,Telecom,Voip Unlimited,
Aston Martin,2021,Condeco,Technology,Condeco,
Aston Martin,2021,IFS,Technology,IFS,
Aston Martin,2021,Schuberth,Automotive,Schuberth,
Aston Martin,2021,Hackett London,Fashion,Hackett London,
Aston Martin,2021,AlpineStars,Apparel,AlpineStars,
Aston Martin,2021,Oakley,Fashion,Oakley,
Aston Martin,2021,Pirelli,Automotive,Pirelli,
Alpine/Renault,2021,Castrol,Energy/Oil,Castrol,
Alpine/Renault,2021,RCi,Finance,RCi,
Alpine/Renault,2021,MAPFRE,Insurance,MAPFRE,
Alpine/Renault,2021,bp Ultimate,Energy/Oil,bp Ultimate,
Alpine/Renault,2021,Dupont,Chemicals,Dupont,
Alpine/Renault,2021,Microsoft,Technology,Microsoft,
Alpine/Renault,2021,Bell & Ross,Luxury Watches,Bell & Ross,
Alpine/Renault,2021,Eurodatacar,Technology,Eurodatacar,
Alpine/Renault,2021,Pirelli,Automotive,Pirelli,
Alpine/Renault,2021,GENII,Investment,GENII,
Alpine/Renault,2021,Renault E-Tech,Automotive,Renault E-Tech,
Alpine/Renault,2021,Yahoo!,Media,Yahoo!,
Alpine/Renault,2021,3D Systems,Technology,3D Systems,
Alpine/Renault,2021,Hewlett-Packard,Technology,Hewlett-Packard,
Alpine/Renault,2021,PerkinElmer,Life Sciences,PerkinElmer,
Alpine/Renault,2021,Le coq Sportif,Apparel,Le coq Sportif,
Alpine/Renault,2021,GF Matching Solutions,Industrial,GF Matching Solutions,
Alpine/Renault,2021,Siemens,Industrial,Siemens,
Alpine/Renault,2021,Alpinestars,Apparel,Alpinestars,
Alpine/Renault,2021,Boeing,Aerospace,Boeing,
Alpine/Renault,2021,Elysium,Technology,Elysium,
Alpine/Renault,2021,GCAPS,Technology,GCAPS,
Alpine/Renault,2021,Hexis,Industrial,Hexis,
Alpine/Renault,2021,Jabil,Technology,Jabil,
Alpine/Renault,2021,Linde,Industrial,Linde,
Alpine/Renault,2021,MATRIX,Technology,MATRIX,
Alpine/Renault,2021,Roland,Technology,Roland,
Alpine/Renault,2021,Trak Racer,Consumer Goods,Trak Racer,
Alpine/Renault,2021,Volume Graphics,Technology,Volume Graphics,
RB/AlphaTauri,2021,myWorld,Finance,myWorld,
RB/AlphaTauri,2021,Edifice Casio,Consumer Electronics,Edifice Casio,
RB/AlphaTauri,2021,AlphaTauri,Apparel,AlphaTauri,
RB/AlphaTauri,2021,Honda,Automotive,Honda,
RB/AlphaTauri,2021,Randstad,Staffing,Randstad,
RB/AlphaTauri,2021,Pirelli,Automotive,Pirelli,
RB/AlphaTauri,2021,RDS,Technology,RDS,
RB/AlphaTauri,2021,Riedel,Technology,Riedel,
RB/AlphaTauri,2021,Siemens,Industrial,Siemens,
RB/AlphaTauri,2021,DAZN,Media,DAZN,
Ferrari,2021,Mission Winnow,Tobacco,Mission Winnow,
Ferrari,2021,Ray-Ban,Fashion,Ray-Ban,
Ferrari,2021,Richard Mille,Luxury Watches,Richard Mille,
Ferrari,2021,Kaspersky,Cybersecurity,Kaspersky,
Ferrari,2021,UPS,Logistics,UPS,
Ferrari,2021,Weichai,Industrial,Weichai,
Ferrari,2021,Estrella Galicia,Beverages/Food,Estrella Galicia,
Ferrari,2021,OMR,Media,OMR,
Ferrari,2021,MAHLE,Automotive,MAHLE,
Ferrari,2021,Pirelli,Automotive,Pirelli,
Ferrari,2021,Puma,Apparel,Puma,
Ferrari,2021,Radiobook,Media,Radiobook,
Ferrari,2021,SKF,Industrial,SKF,
Ferrari,2021,Vistajet,Aviation,Vistajet,
Ferrari,2021,Marelli,Automotive,Marelli,
Ferrari,2021,NGK Spark Plugs,Automotive,NGK Spark Plugs,
Ferrari,2021,Brembo,Automotive,Brembo,
Ferrari,2021,Experis,Staffing,Experis,
Ferrari,2021,Riedel,Technology,Riedel,
Ferrari,2021,Iveco,Automotive,Iveco,
Ferrari,2021,Palantir,Technology,Palantir,
Ferrari,2021,Bell,Automotive,Bell,
Ferrari,2021,Technogym,Fitness,Technogym,
Ferrari,2021,Alfa Romeo,Automotive,Alfa Romeo,
Ferrari,2021,Garrett,Automotive,Garrett,
Ferrari,2021,Shell,Energy/Oil,Shell,
Ferrari,2021,Giorgio Armani,Fashion,Giorgio Armani,
Ferrari,2021,Sabelt,Automotive,Sabelt,
Sauber/Alfa Romeo,2021,Alfa Romeo,Automotive,Alfa Romeo,
Sauber/Alfa Romeo,2021,PKN Orlen,Energy/Oil,PKN Orlen,
Sauber/Alfa Romeo,2021,Adler Pelzer Group,Industrial,Adler Pelzer Group,
Sauber/Alfa Romeo,2021,Acer,Technology,Acer,
Sauber/Alfa Romeo,2021,Built for Athletes,Apparel,Built for Athletes,
Sauber/Alfa Romeo,2021,Carrera,Consumer Goods,Carrera,
Sauber/Alfa Romeo,2021,Singha,Beverages/Food,Singha,
Sauber/Alfa Romeo,2021,Additive Industries,Industrial,Additive Industries,
Sauber/Alfa Romeo,2021,IQONIQ,Apparel,IQONIQ,
Sauber/Alfa Romeo,2021,Iveco,Automotive,Iveco,
Sauber/Alfa Romeo,2021,Livinguard,Health,Livinguard,
Sauber/Alfa Romeo,2021,Marelli,Automotive,Marelli,
Sauber/Alfa Romeo,2021,Mitsubishi Electric,Industrial,Mitsubishi Electric,
Sauber/Alfa Romeo,2021,Pirelli,Automotive,Pirelli,
Sauber/Alfa Romeo,2021,Save the Children,Nonprofit,Save the Children,
Sauber/Alfa Romeo,2021,Sparco,Automotive,Sparco,
Sauber/Alfa Romeo,2021,Walter Meier,Industrial,Walter Meier,
Sauber/Alfa Romeo,2021,Zadara,Technology,Zadara,
Sauber/Alfa Romeo,2021,AB Dynamics,Technology,AB Dynamics,
Sauber/Alfa Romeo,2021,Brutsch-Ruegger,Industrial,Brutsch-Ruegger,
Sauber/Alfa Romeo,2021,Riedel,Technology,Riedel,
Haas,2021,Uralkali,Chemicals,Uralkali,
Haas,2021,1&1,Telecom,1&1,
Haas,2021,Alpinestars,Apparel,Alpinestars,
Haas,2021,Pirelli,Automotive,Pirelli,
Haas,2021,Schuberth,Automotive,Schuberth,
Haas,2021,Stichd,Apparel,Stichd,
Haas,2021,Haas Automation,Industrial,Haas Automation,
Haas,2021,Ionos,Technology,Ionos,
Haas,2021,Under Armour,Apparel,Under Armour,
Williams,2021,Sofina,Investment,Sofina,
Williams,2021,Lavazza,Beverages/Food,Lavazza,
Williams,2021,Acronis,Cybersecurity,Acronis,
Williams,2021,Versa,Technology,Versa,
Williams,2021,Financial Times,Media,Financial Times,
Williams,2021,PONOS,Technology,PONOS,
Williams,2021,Symantec,Cybersecurity,Symantec,
Williams,2021,IQONIQ,Apparel,IQONIQ,
Williams,2021,Pirelli,Automotive,Pirelli,
Williams,2021,Umbro,Apparel,Umbro,
Williams,2021,PPG,Industrial,PPG,
Williams,2021,Thales,Aerospace,Thales,
Williams,2021,Precision Hydration,Beverages/Food,Precision Hydration,
Williams,2021,Crew Clothing,Apparel,Crew Clothing,
Williams,2021,U-Earth,Consumer Goods,U-Earth,
Williams,2021,Life Fitness,Fitness,Life Fitness,
Williams,2021,Spinal Injuries Association (sia),Nonprofit,Spinal Injuries Association (sia),
Williams,2021,Honibe,Consumer Goods,Honibe,
Williams,2021,Bremont,Luxury Watches,Bremont,
Williams,2021,Zeiss,Technology,Zeiss,
Williams,2021,KX,Technology,KX,
Williams,2021,DTEX,Cybersecurity,DTEX,
Williams,2021,B&R,Technology,B&R,
Williams,2021,Nexa 3D,Technology,Nexa 3D,
Williams,2021,OMP,Automotive,OMP,
Sauber/Alfa Romeo,2022,PKN Orlen,Energy/Oil,PKN Orlen,
Sauber/Alfa Romeo,2022,Adler,Industrial,Adler,
Sauber/Alfa Romeo,2022,Acer,Technology,Acer,
Sauber/Alfa Romeo,2022,Accelleron,Industrial,Accelleron,
Sauber/Alfa Romeo,2022,AMX,Technology,AMX,
Sauber/Alfa Romeo,2022,Camozzi,Industrial,Camozzi,
Sauber/Alfa Romeo,2022,Code Zero,Apparel,Code Zero,
Sauber/Alfa Romeo,2022,Delsey,Travel/Luggage,Delsey,
Sauber/Alfa Romeo,2022,DRF Bets,Gambling/Betting,DRF Bets,
Sauber/Alfa Romeo,2022,Singha,Beverages/Food,Singha,
Sauber/Alfa Romeo,2022,Additive Industries,Industrial,Additive Industries,
Sauber/Alfa Romeo,2022,Ferrari Trento,Beverages/Food,Ferrari Trento,
Sauber/Alfa Romeo,2022,Floki,Crypto/Web3,Floki,
Sauber/Alfa Romeo,2022,Globeair,Aviation,Globeair,
Sauber/Alfa Romeo,2022,Hyland,Technology,Hyland,
Sauber/Alfa Romeo,2022,Iveco,Automotive,Iveco,
Sauber/Alfa Romeo,2022,Marelli,Automotive,Marelli,
Sauber/Alfa Romeo,2022,Mitsubishi Electric,Industrial,Mitsubishi Electric,
Sauber/Alfa Romeo,2022,Modere,Consumer Goods,Modere,
Sauber/Alfa Romeo,2022,Pirelli,Automotive,Pirelli,
Sauber/Alfa Romeo,2022,Puma,Apparel,Puma,
Sauber/Alfa Romeo,2022,Rebellion,Luxury Watches,Rebellion,
Sauber/Alfa Romeo,2022,Sabelt,Automotive,Sabelt,
Sauber/Alfa Romeo,2022,Save the Children,Nonprofit,Save the Children,
Sauber/Alfa Romeo,2022,Socios,Crypto/Web3,Socios,
Sauber/Alfa Romeo,2022,Walter Meier,Industrial,Walter Meier,
Sauber/Alfa Romeo,2022,Web Eyewear,Fashion,Web Eyewear,
Sauber/Alfa Romeo,2022,Zadara,Technology,Zadara,
Sauber/Alfa Romeo,2022,ZCG,Finance,ZCG,
Alpine/Renault,2022,BWT,Water Technology,BWT,
Alpine/Renault,2022,Castrol,Energy/Oil,Castrol,
Alpine/Renault,2022,British Petroleum,Energy/Oil,British Petroleum,
Alpine/Renault,2022,RCI Bank and Services,Finance,RCI Bank and Services,
Alpine/Renault,2022,Mapfre,Insurance,Mapfre,
Alpine/Renault,2022,Renault E-Tech,Automotive,Renault E-Tech,
Alpine/Renault,2022,Microsoft,Technology,Microsoft,
Alpine/Renault,2022,Mandiant,Cybersecurity,Mandiant,
Alpine/Renault,2022,Binance,Crypto/Web3,Binance,
Alpine/Renault,2022,Dupont,Chemicals,Dupont,
Alpine/Renault,2022,Plug Power,Energy,Plug Power,
Alpine/Renault,2022,Delphi Technologies,Automotive,Delphi Technologies,
Alpine/Renault,2022,Data.ai,Technology,Data.ai,
Alpine/Renault,2022,Bell and Ross,Luxury Watches,Bell and Ross,
Alpine/Renault,2022,Kappa,Apparel,Kappa,
Alpine/Renault,2022,Sprinklr,Technology,Sprinklr,
Alpine/Renault,2022,Boeing,Aerospace,Boeing,
Alpine/Renault,2022,Genii,Investment,Genii,
Alpine/Renault,2022,Eurodatacar,Technology,Eurodatacar,
Alpine/Renault,2022,Perkin Elmer,Life Sciences,Perkin Elmer,
Alpine/Renault,2022,Shamir,Consumer Goods,Shamir,
Alpine/Renault,2022,Siemens,Industrial,Siemens,
Alpine/Renault,2022,Yahoo,Media,Yahoo,
Alpine/Renault,2022,3D Systems,Technology,3D Systems,
Alpine/Renault,2022,AlpineStars,Apparel,AlpineStars,
Alpine/Renault,2022,Alpine Eyewear,Fashion,Alpine Eyewear,
Alpine/Renault,2022,Elysium,Technology,Elysium,
Alpine/Renault,2022,GCaps,Technology,GCaps,
Alpine/Renault,2022,Hexis,Industrial,Hexis,
Alpine/Renault,2022,KX,Technology,KX,
Alpine/Renault,2022,K-Way,Apparel,K-Way,
Alpine/Renault,2022,Linde,Industrial,Linde,
Alpine/Renault,2022,Matrix,Technology,Matrix,
Alpine/Renault,2022,Roland,Technology,Roland,
Alpine/Renault,2022,Trak Racer,Consumer Goods,Trak Racer,
Alpine/Renault,2022,Volume Graphics,Technology,Volume Graphics,
RB/AlphaTauri,2022,Alpha Tauri,Apparel,Alpha Tauri,
RB/AlphaTauri,2022,Honda,Automotive,Honda,
RB/AlphaTauri,2022,Fantom,Crypto/Web3,Fantom,
RB/AlphaTauri,2022,Epicor,Technology,Epicor,
RB/AlphaTauri,2022,Randstad,Staffing,Randstad,
RB/AlphaTauri,2022,ICM.com,Finance,ICM.com,
RB/AlphaTauri,2022,FlexBox,Technology,FlexBox,
RB/AlphaTauri,2022,Pirelli,Automotive,Pirelli,
RB/AlphaTauri,2022,DAZN,Media,DAZN,
RB/AlphaTauri,2022,Ravenol,Energy/Oil,Ravenol,
RB/AlphaTauri,2022,Riedel,Technology,Riedel,
RB/AlphaTauri,2022,Siemens,Industrial,Siemens,
Aston Martin,2022,Cognizant,Technology,Cognizant,
Aston Martin,2022,Aramco,Energy/Oil,Aramco,
Aston Martin,2022,Peroni 0.0,Beverages/Food,Peroni 0.0,
Aston Martin,2022,Crypto.com,Crypto/Web3,Crypto.com,
Aston Martin,2022,JCB,Industrial,JCB,
Aston Martin,2022,NetApp,Technology,NetApp,
Aston Martin,2022,Sentinel One,Cybersecurity,Sentinel One,
Aston Martin,2022,Juniper Networks,Technology,Juniper Networks,
Aston Martin,2022,EPOS,Consumer Electronics,EPOS,
Aston Martin,2022,Girard-Perregaux,Luxury Watches,Girard-Perregaux,
Aston Martin,2022,Socios,Crypto/Web3,Socios,
Aston Martin,2022,Pirelli,Automotive,Pirelli,
Aston Martin,2022,Bombardier,Aerospace,Bombardier,
Aston Martin,2022,TikTok,Media,TikTok,
Aston Martin,2022,Oakley,Fashion,Oakley,
Aston Martin,2022,Ogio,Travel/Luggage,Ogio,
Aston Martin,2022,Hackett London,Fashion,Hackett London,
Aston Martin,2022,IFS,Technology,IFS,
Aston Martin,2022,Altair,Technology,Altair,
Aston Martin,2022,Ebb,Technology,Ebb,
Aston Martin,2022,STL,Technology,STL,
Aston Martin,2022,Pelmar,Technology,Pelmar,
Aston Martin,2022,Voip Unlimited,Telecom,Voip Unlimited,
Aston Martin,2022,AlpineStars,Apparel,AlpineStars,
Aston Martin,2022,Schuberth,Automotive,Schuberth,
Ferrari,2022,Shell,Energy/Oil,Shell,
Ferrari,2022,Santander,Finance,Santander,
Ferrari,2022,Velas,Crypto/Web3,Velas,
Ferrari,2022,Snapdragon,Technology,Snapdragon,
Ferrari,2022,Ray-Ban,Fashion,Ray-Ban,
Ferrari,2022,Amazon Web Services,Technology,Amazon Web Services,
Ferrari,2022,Richard Mille,Luxury Watches,Richard Mille,
Ferrari,2022,Ceva Logistics,Logistics,Ceva Logistics,
Ferrari,2022,Estrella Galicia,Beverages/Food,Estrella Galicia,
Ferrari,2022,Palantir,Technology,Palantir,
Ferrari,2022,OMR,Media,OMR,
Ferrari,2022,Puma,Apparel,Puma,
Ferrari,2022,Kaspersky,Cybersecurity,Kaspersky,
Ferrari,2022,RadioBook,Media,RadioBook,
Ferrari,2022,VistaJet,Aviation,VistaJet,
Ferrari,2022,Giorgio Armani,Fashion,Giorgio Armani,
Ferrari,2022,Mahle,Automotive,Mahle,
Ferrari,2022,Pirelli,Automotive,Pirelli,
Ferrari,2022,SKF,Industrial,SKF,
Ferrari,2022,NGK Spark Plugs,Automotive,NGK Spark Plugs,
Ferrari,2022,Brembo,Automotive,Brembo,
Ferrari,2022,Manpower Group,Staffing,Manpower Group,
Ferrari,2022,Techno Gym,Fitness,Techno Gym,
Ferrari,2022,Iveco,Automotive,Iveco,
Ferrari,2022,Bell Helmets,Automotive,Bell Helmets,
Ferrari,2022,Riedel,Technology,Riedel,
Ferrari,2022,Garrett,Automotive,Garrett,
Ferrari,2022,Sabelt,Automotive,Sabelt,
Ferrari,2022,Qualcomm Technologies,Technology,Qualcomm Technologies,
Haas,2022,1&1,Telecom,1&1,
Haas,2022,AlpineStars,Apparel,AlpineStars,
Haas,2022,Cyrus,Technology,Cyrus,
Haas,2022,Home Deluxe,Home & Living,Home Deluxe,
Haas,2022,Ionos,Technology,Ionos,
Haas,2022,Maui Jim,Fashion,Maui Jim,
Haas,2022,Pirelli,Automotive,Pirelli,
Haas,2022,Schuberth,Automotive,Schuberth,
Haas,2022,Taittinger,Beverages/Food,Taittinger,
Haas,2022,Tricorp WorkWear,Apparel,Tricorp WorkWear,
Haas,2022,Under Armour,Apparel,Under Armour,
McLaren,2022,British American Tobacco,Tobacco,British American Tobacco,
McLaren,2022,Dell Technologies,Technology,Dell Technologies,
McLaren,2022,Dark Trace,Cybersecurity,Dark Trace,
McLaren,2022,Arrow,Technology,Arrow,
McLaren,2022,Tezos,Crypto/Web3,Tezos,
McLaren,2022,Webex,Technology,Webex,
McLaren,2022,Unilever,Consumer Goods,Unilever,
McLaren,2022,Splunk,Technology,Splunk,
McLaren,2022,Stanley Black and Decker,Industrial,Stanley Black and Decker,
McLaren,2022,Alteryx Analytics,Technology,Alteryx Analytics,
McLaren,2022,SmartSheet,Technology,SmartSheet,
McLaren,2022,Data Robot,Technology,Data Robot,
McLaren,2022,Gulf,Energy/Oil,Gulf,
McLaren,2022,GoPuff,Retail,GoPuff,
McLaren,2022,Coca-Cola,Beverages/Food,Coca-Cola,
McLaren,2022,CNBC,Media,CNBC,
McLaren,2022,FxPro,Finance,FxPro,
McLaren,2022,Party Casino,Gambling/Betting,Party Casino,
McLaren,2022,Hilton,Hospitality,Hilton,
McLaren,2022,Medallia,Technology,Medallia,
McLaren,2022,Castore,Apparel,Castore,
McLaren,2022,Richard Mille,Luxury Watches,Richard Mille,
McLaren,2022,Easy Post,Logistics,Easy Post,
McLaren,2022,Free Fire,Gaming/Esports,Free Fire,
McLaren,2022,Immersive Labs,Technology,Immersive Labs,
McLaren,2022,Klipsch,Consumer Electronics,Klipsch,
McLaren,2022,Tumi,Fashion,Tumi,
McLaren,2022,Deloitte,Professional Services,Deloitte,
McLaren,2022,Sikkens,Industrial,Sikkens,
McLaren,2022,Mind,Technology,Mind,
McLaren,2022,Sparco,Automotive,Sparco,
McLaren,2022,Logitech,Technology,Logitech,
McLaren,2022,SunGod,Fashion,SunGod,
McLaren,2022,FAI Aviation Group,Aviation,FAI Aviation Group,
McLaren,2022,Ashurst,Legal,Ashurst,
McLaren,2022,Pirelli,Automotive,Pirelli,
McLaren,2022,Mazak,Industrial,Mazak,
McLaren,2022,Stratasys,Technology,Stratasys,
McLaren,2022,Kaust,Education,Kaust,
McLaren,2022,TechnoGym,Fitness,TechnoGym,
McLaren,2022,Hookit,Technology,Hookit,
McLaren,2022,Merchants,Retail,Merchants,
McLaren,2022,AlienWare,Technology,AlienWare,
McLaren,2022,Veloce Esports,Esports,Veloce Esports,
McLaren,2022,New Era,Apparel,New Era,
Mercedes,2022,Petronas,Energy/Oil,Petronas,
Mercedes,2022,Ineos,Chemicals,Ineos,
Mercedes,2022,UBS,Finance,UBS,
Mercedes,2022,TeamViewer,Technology,TeamViewer,
Mercedes,2022,CrowdStrike,Cybersecurity,CrowdStrike,
Mercedes,2022,FTX,Crypto/Web3,FTX,
Mercedes,2022,Hewlett Packard,Technology,Hewlett Packard,
Mercedes,2022,IWC Schaffhausen,Luxury Watches,IWC Schaffhausen,
Mercedes,2022,Marriott Bonvoy,Hospitality,Marriott Bonvoy,
Mercedes,2022,AMD,Technology,AMD,
Mercedes,2022,Monster Energy,Beverages/Food,Monster Energy,
Mercedes,2022,Pure Storage,Technology,Pure Storage,
Mercedes,2022,Tommy Hilfiger,Fashion,Tommy Hilfiger,
Mercedes,2022,TIBCO,Technology,TIBCO,
Mercedes,2022,Puma,Apparel,Puma,
Mercedes,2022,Police Eyewear,Fashion,Police Eyewear,
Mercedes,2022,OZ Racing,Automotive,OZ Racing,
Mercedes,2022,Endless,Automotive,Endless,
Mercedes,2022,Axalta,Industrial,Axalta,
Mercedes,2022,Belstaff,Fashion,Belstaff,
Mercedes,2022,Pirelli,Automotive,Pirelli,
Red Bull,2022,Oracle,Technology,Oracle,
Red Bull,2022,Puma,Apparel,Puma,
Red Bull,2022,Tag Heuer,Luxury Watches,Tag Heuer,
Red Bull,2022,Telcel,Telecom,Telcel,
Red Bull,2022,Mobil1,Energy/Oil,Mobil1,
Red Bull,2022,Tezos,Crypto/Web3,Tezos,
Red Bull,2022,Bybit,Crypto/Web3,Bybit,
Red Bull,2022,Honda,Automotive,Honda,
Red Bull,2022,Claro,Telecom,Claro,
Red Bull,2022,Rauch,Beverages/Food,Rauch,
Red Bull,2022,Citrix,Technology,Citrix,
Red Bull,2022,Poly,Technology,Poly,
Red Bull,2022,Armor All,Automotive,Armor All,
Red Bull,2022,Cash App,Finance,Cash App,
Red Bull,2022,Arctic Wolf,Cybersecurity,Arctic Wolf,
Red Bull,2022,Hewlett Packard,Technology,Hewlett Packard,
Red Bull,2022,Inter.mx,Finance,Inter.mx,
Red Bull,2022,AT&T,Telecom,AT&T,
Red Bull,2022,Siemens,Industrial,Siemens,
Red Bull,2022,PokerStars,Gambling/Betting,PokerStars,
Red Bull,2022,Therabody,Fitness,Therabody,
Red Bull,2022,Pirelli,Automotive,Pirelli,
Red Bull,2022,AlphaTauri,Apparel,AlphaTauri,
Red Bull,2022,DMG Mori,Industrial,DMG Mori,
Red Bull,2022,Hexagon,Technology,Hexagon,
Red Bull,2022,PWR,Automotive,PWR,
Red Bull,2022,Ansys,Technology,Ansys,
Red Bull,2022,Gold Standard,Finance,Gold Standard,
Red Bull,2022,Sabelt,Automotive,Sabelt,
Red Bull,2022,Ocean Bottle,Consumer Goods,Ocean Bottle,
Red Bull,2022,Walmart,Retail,Walmart,
Williams,2022,Sofina,Investment,Sofina,
Williams,2022,Lavazza,Beverages/Food,Lavazza,
Williams,2022,Duracell,Consumer Goods,Duracell,
Williams,2022,Acronis,Cybersecurity,Acronis,
Williams,2022,Dorilton Ventures,Investment,Dorilton Ventures,
Williams,2022,Versa,Technology,Versa,
Williams,2022,Honibe,Consumer Goods,Honibe,
Williams,2022,Financial Times,Media,Financial Times,
Williams,2022,Symantec,Cybersecurity,Symantec,
Williams,2022,Bremont,Luxury Watches,Bremont,
Williams,2022,Pirelli,Automotive,Pirelli,
Williams,2022,Umbro,Apparel,Umbro,
Williams,2022,Zeiss,Technology,Zeiss,
Williams,2022,Crew Clothing Company,Apparel,Crew Clothing Company,
Williams,2022,PPG,Industrial,PPG,
Williams,2022,OMP,Automotive,OMP,
Williams,2022,KX,Technology,KX,
Williams,2022,Nexa 3D,Technology,Nexa 3D,
Williams,2022,DTex,Cybersecurity,DTex,
Williams,2022,B&R,Technology,B&R,
Williams,2022,Mei,Technology,Mei,
Williams,2022,Life Fitness,Fitness,Life Fitness,
Williams,2022,That’s It,Beverages/Food,That’s It,
Williams,2022,Sia,Nonprofit,Sia,
Williams,2022,Thales,Aerospace,Thales,
Mercedes,2023,Petronas,Energy/Oil,Petronas,
Mercedes,2023,Ineos,Chemicals,Ineos,
Mercedes,2023,CrowdStrike,Cybersecurity,CrowdStrike,
Mercedes,2023,TeamViewer,Technology,TeamViewer,
Mercedes,2023,UBS,Finance,UBS,
Mercedes,2023,Snapdragon,Technology,Snapdragon,
Mercedes,2023,G42,Technology,G42,
Mercedes,2023,Akkodis,Technology,Akkodis,
Mercedes,2023,IWC Schaffhausen,Luxury Watches,IWC Schaffhausen,
Mercedes,2023,Hewlett Packard Enterprise,Technology,Hewlett Packard Enterprise,
Mercedes,2023,Solera,Technology,Solera,
Mercedes,2023,Nuvei,Finance,Nuvei,
Mercedes,2023,Einhell,Industrial,Einhell,
Mercedes,2023,AMD,Technology,AMD,
Mercedes,2023,The Ritz-Carlton,Hospitality,The Ritz-Carlton,
Mercedes,2023,Sherwin Williams,Industrial,Sherwin Williams,
Mercedes,2023,Tommy Hilfiger,Fashion,Tommy Hilfiger,
Mercedes,2023,Monster Energy,Beverages/Food,Monster Energy,
Mercedes,2023,Puma,Apparel,Puma,
Mercedes,2023,Police,Fashion,Police,
Mercedes,2023,OZ Racing,Automotive,OZ Racing,
Mercedes,2023,Endless,Automotive,Endless,
Mercedes,2023,Eight Sleep,Consumer Goods,Eight Sleep,
Mercedes,2023,Fastly,Technology,Fastly,
Mercedes,2023,mCloud,Technology,mCloud,
Mercedes,2023,Pirelli,Automotive,Pirelli,
Red Bull,2023,Oracle,Technology,Oracle,
Red Bull,2023,Tag Heuer,Luxury Watches,Tag Heuer,
Red Bull,2023,Cash App,Finance,Cash App,
Red Bull,2023,Bybit,Crypto/Web3,Bybit,
Red Bull,2023,Rauch,Beverages/Food,Rauch,
Red Bull,2023,Pirelli,Automotive,Pirelli,
Red Bull,2023,Walmart,Retail,Walmart,
Red Bull,2023,Mobil 1,Energy/Oil,Mobil 1,
Red Bull,2023,Esso,Energy/Oil,Esso,
Red Bull,2023,Siemens,Industrial,Siemens,
Red Bull,2023,AT&T,Telecom,AT&T,
Red Bull,2023,Inter Proteccion,Insurance,Inter Proteccion,
Red Bull,2023,Hewlett Packard Enterprise,Technology,Hewlett Packard Enterprise,
Red Bull,2023,Telcel,Telecom,Telcel,
Red Bull,2023,Hexagon,Technology,Hexagon,
Red Bull,2023,DMG Mori,Industrial,DMG Mori,
Red Bull,2023,Ansys,Technology,Ansys,
Red Bull,2023,PWR,Automotive,PWR,
Red Bull,2023,Gold Standard,Finance,Gold Standard,
Red Bull,2023,Armor All,Automotive,Armor All,
Red Bull,2023,America Movil,Telecom,America Movil,
Red Bull,2023,Claro,Telecom,Claro,
Red Bull,2023,Therabody,Fitness,Therabody,
Red Bull,2023,HP/Poly,Technology,HP/Poly,
Red Bull,2023,Ocean Bottle,Consumer Goods,Ocean Bottle,
Red Bull,2023,PokerStars,Gambling/Betting,PokerStars,
Red Bull,2023,AlphaTauri,Apparel,AlphaTauri,
Red Bull,2023,Built for Athletes,Apparel,Built for Athletes,
Red Bull,2023,Castore,Apparel,Castore,
Red Bull,2023,New Era,Apparel,New Era,
Red Bull,2023,Athletic Propulsion Labs,Apparel,Athletic Propulsion Labs,
Red Bull,2023,BMC,Cycling,BMC,
Red Bull,2023,Blenders,Fashion,Blenders,
Red Bull,2023,Hard Rock International,Hospitality,Hard Rock International,
Red Bull,2023,ROKT,Technology,ROKT,
Red Bull,2023,Honda,Automotive,Honda,
Red Bull,2023,Arctic Wolf,Cybersecurity,Arctic Wolf,
Red Bull,2023,Zoom,Technology,Zoom,
Ferrari,2023,Shell,Energy/Oil,Shell,
Ferrari,2023,Santander,Finance,Santander,
Ferrari,2023,Ray-Ban,Fashion,Ray-Ban,
Ferrari,2023,AWS,Technology,AWS,
Ferrari,2023,Richard Mille,Luxury Watches,Richard Mille,
Ferrari,2023,Ceva Logistics,Logistics,Ceva Logistics,
Ferrari,2023,Estrella Galicia,Beverages/Food,Estrella Galicia,
Ferrari,2023,OMR Automotive,Automotive,OMR Automotive,
Ferrari,2023,MAHLE,Automotive,MAHLE,
Ferrari,2023,Pirelli,Automotive,Pirelli,
Ferrari,2023,Puma,Apparel,Puma,
Ferrari,2023,SKF,Industrial,SKF,
Ferrari,2023,VistaJet,Aviation,VistaJet,
Ferrari,2023,NGK Spark Plugs,Automotive,NGK Spark Plugs,
Ferrari,2023,Brembo,Automotive,Brembo,
Ferrari,2023,Riedel,Technology,Riedel,
Ferrari,2023,Iveco,Automotive,Iveco,
Ferrari,2023,Palantir,Technology,Palantir,
Ferrari,2023,ManPower Group,Staffing,ManPower Group,
Ferrari,2023,Technogym,Fitness,Technogym,
Ferrari,2023,Garrett,Automotive,Garrett,
Ferrari,2023,Giorgio Armani,Fashion,Giorgio Armani,
Ferrari,2023,Sabelt,Automotive,Sabelt,
Ferrari,2023,VGW Play,Gambling/Betting,VGW Play,
Ferrari,2023,Mission Winnow,Tobacco,Mission Winnow,
Ferrari,2023,Genesys,Technology,Genesys,
Ferrari,2023,Bitdefender,Cybersecurity,Bitdefender,
Ferrari,2023,HCL Software,Technology,HCL Software,
Ferrari,2023,Harman Automotive,Automotive,Harman Automotive,
Ferrari,2023,ZCG,Finance,ZCG,
Ferrari,2023,Bang Olufsen,Consumer Electronics,Bang Olufsen,
Ferrari,2023,Ecopol,Industrial,Ecopol,
Ferrari,2023,Riva,Luxury,Riva,
Ferrari,2023,Freccia Rossa,Transport,Freccia Rossa,
Ferrari,2023,Ohlins,Automotive,Ohlins,
McLaren,2023,British-American Tobacco (A Better Tomorrow),Tobacco,British-American Tobacco (A Better Tomorrow),
McLaren,2023,Splunk,Technology,Splunk,
McLaren,2023,DarkTrace,Cybersecurity,DarkTrace,
McLaren,2023,Tezos,Crypto/Web3,Tezos,
McLaren,2023,Dell Technologies,Technology,Dell Technologies,
McLaren,2023,Alteryx,Technology,Alteryx,
McLaren,2023,Smartsheet,Technology,Smartsheet,
McLaren,2023,DataRobot,Technology,DataRobot,
McLaren,2023,GoPuff,Retail,GoPuff,
McLaren,2023,Party Responsibly,Nonprofit,Party Responsibly,
McLaren,2023,Medallia,Technology,Medallia,
McLaren,2023,Arrow Electronics,Technology,Arrow Electronics,
McLaren,2023,Richard Mille,Luxury Watches,Richard Mille,
McLaren,2023,Hilton,Hospitality,Hilton,
McLaren,2023,Coca Cola,Beverages/Food,Coca Cola,
McLaren,2023,Unilever,Consumer Goods,Unilever,
McLaren,2023,FxPro,Finance,FxPro,
McLaren,2023,Deloitte,Professional Services,Deloitte,
McLaren,2023,TUMI,Fashion,TUMI,
McLaren,2023,CNBC,Media,CNBC,
McLaren,2023,Klipsch,Consumer Electronics,Klipsch,
McLaren,2023,Sparco,Automotive,Sparco,
McLaren,2023,Ashurst,Legal,Ashurst,
McLaren,2023,Stratasys,Technology,Stratasys,
McLaren,2023,KAUST,Education,KAUST,
McLaren,2023,Ultimotive,Technology,Ultimotive,
McLaren,2023,New Era,Apparel,New Era,
McLaren,2023,FAI Aviation Group,Aviation,FAI Aviation Group,
McLaren,2023,Cisco,Technology,Cisco,
McLaren,2023,Webex,Technology,Webex,
McLaren,2023,AkzoNobel-Sikkens,Industrial,AkzoNobel-Sikkens,
McLaren,2023,Logitech G,Technology,Logitech G,
McLaren,2023,Castore,Apparel,Castore,
McLaren,2023,EasyPost,Logistics,EasyPost,
McLaren,2023,Immersive Labs,Cybersecurity,Immersive Labs,
McLaren,2023,SunGod,Fashion,SunGod,
McLaren,2023,Technogym,Fitness,Technogym,
McLaren,2023,Google/Chrome,Technology,Google/Chrome,
McLaren,2023,Pirelli,Automotive,Pirelli,
McLaren,2023,OKX,Crypto/Web3,OKX,
McLaren,2023,Android,Technology,Android,
McLaren,2023,DP World,Logistics,DP World,
McLaren,2023,Jack Daniels,Beverages/Food,Jack Daniels,
McLaren,2023,VM Ware,Technology,VM Ware,
McLaren,2023,Goldman Sachs,Finance,Goldman Sachs,
McLaren,2023,DeWalt,Industrial,DeWalt,
McLaren,2023,Cadence,Technology,Cadence,
McLaren,2023,K-Swiss,Apparel,K-Swiss,
McLaren,2023,Lami Luxe,Consumer Goods,Lami Luxe,
Alpine/Renault,2023,BWT,Water Technology,BWT,
Alpine/Renault,2023,Castrol,Energy/Oil,Castrol,
Alpine/Renault,2023,BP Ultimate,Energy/Oil,BP Ultimate,
Alpine/Renault,2023,Renault E-Tech,Automotive,Renault E-Tech,
Alpine/Renault,2023,Binance,Crypto/Web3,Binance,
Alpine/Renault,2023,Ecowatt,Energy,Ecowatt,
Alpine/Renault,2023,Mobilize Financial Services,Finance,Mobilize Financial Services,
Alpine/Renault,2023,Microsoft,Technology,Microsoft,
Alpine/Renault,2023,Plug,Energy,Plug,
Alpine/Renault,2023,Bell & Ross,Luxury Watches,Bell & Ross,
Alpine/Renault,2023,Kappa,Apparel,Kappa,
Alpine/Renault,2023,Sprinklr,Technology,Sprinklr,
Alpine/Renault,2023,Boeing,Aerospace,Boeing,
Alpine/Renault,2023,Delphi,Automotive,Delphi,
Alpine/Renault,2023,Eurodatacar,Technology,Eurodatacar,
Alpine/Renault,2023,KWay,Apparel,KWay,
Alpine/Renault,2023,Shamir,Consumer Goods,Shamir,
Alpine/Renault,2023,Yahoo!,Media,Yahoo!,
Alpine/Renault,2023,3D Systems,Technology,3D Systems,
Alpine/Renault,2023,Alpinestars,Apparel,Alpinestars,
Alpine/Renault,2023,Alpine Eyewear,Fashion,Alpine Eyewear,
Alpine/Renault,2023,Elysium,Technology,Elysium,
Alpine/Renault,2023,GCaps,Technology,GCaps,
Alpine/Renault,2023,Hexis,Industrial,Hexis,
Alpine/Renault,2023,KX,Technology,KX,
Alpine/Renault,2023,Matrix,Technology,Matrix,
Alpine/Renault,2023,Perkin Elmer,Life Sciences,Perkin Elmer,
Alpine/Renault,2023,Pirelli,Automotive,Pirelli,
Alpine/Renault,2023,Roland,Technology,Roland,
Alpine/Renault,2023,Track Racer,Consumer Goods,Track Racer,
Alpine/Renault,2023,Canel’s,Beverages/Food,Canel’s,
RB/AlphaTauri,2023,Rapid,Technology,Rapid,
RB/AlphaTauri,2023,Buzz,Technology,Buzz,
RB/AlphaTauri,2023,Orlen,Energy/Oil,Orlen,
RB/AlphaTauri,2023,AlphaTauri,Apparel,AlphaTauri,
RB/AlphaTauri,2023,Honda,Automotive,Honda,
RB/AlphaTauri,2023,Epicor,Technology,Epicor,
RB/AlphaTauri,2023,FlexBox,Technology,FlexBox,
RB/AlphaTauri,2023,Randstad,Staffing,Randstad,
RB/AlphaTauri,2023,Pirelli,Automotive,Pirelli,
RB/AlphaTauri,2023,Ravenol,Energy/Oil,Ravenol,
RB/AlphaTauri,2023,GMC,Automotive,GMC,
RB/AlphaTauri,2023,P448,Apparel,P448,
RB/AlphaTauri,2023,Carl Friedrik,Travel/Luggage,Carl Friedrik,
RB/AlphaTauri,2023,Riedel,Technology,Riedel,
RB/AlphaTauri,2023,Siemens,Industrial,Siemens,
RB/AlphaTauri,2023,XMTrading,Finance,XMTrading,
RB/AlphaTauri,2023,Basso,Cycling,Basso,
Aston Martin,2023,Cognizant,Technology,Cognizant,
Aston Martin,2023,Aramco,Energy/Oil,Aramco,
Aston Martin,2023,XP,Finance,XP,
Aston Martin,2023,SentinelOne,Cybersecurity,SentinelOne,
Aston Martin,2023,Citi,Finance,Citi,
Aston Martin,2023,Crypto.com,Crypto/Web3,Crypto.com,
Aston Martin,2023,Juniper Networks,Technology,Juniper Networks,
Aston Martin,2023,Peroni 0.0,Beverages/Food,Peroni 0.0,
Aston Martin,2023,JCB,Industrial,JCB,
Aston Martin,2023,PortoSeguro,Insurance,PortoSeguro,
Aston Martin,2023,NetApp,Technology,NetApp,
Aston Martin,2023,Avatrade,Finance,Avatrade,
Aston Martin,2023,Boss,Fashion,Boss,
Aston Martin,2023,Girard Perregaux,Luxury Watches,Girard Perregaux,
Aston Martin,2023,EPOS,Consumer Electronics,EPOS,
Aston Martin,2023,Bombardier,Aerospace,Bombardier,
Aston Martin,2023,socios.com,Crypto/Web3,socios.com,
Aston Martin,2023,Globe Trotter,Travel/Luggage,Globe Trotter,
Aston Martin,2023,Pirelli,Automotive,Pirelli,
Aston Martin,2023,Tik Tok,Media,Tik Tok,
Aston Martin,2023,Ogio,Travel/Luggage,Ogio,
Aston Martin,2023,Oakley,Fashion,Oakley,
Aston Martin,2023,Alpinestars,Apparel,Alpinestars,
Aston Martin,2023,Ebb3,Technology,Ebb3,
Aston Martin,2023,Stilo,Automotive,Stilo,
Aston Martin,2023,Pelmark,Technology,Pelmark,
Aston Martin,2023,Velocity Black,Technology,Velocity Black,
Aston Martin,2023,SAUDIA (Saudi Airlines),Aviation,SAUDIA (Saudi Airlines),
Williams,2023,Gulf,Energy/Oil,Gulf,
Williams,2023,Duracell,Consumer Goods,Duracell,
Williams,2023,Stephens,Finance,Stephens,
Williams,2023,Dorilton Ventures,Investment,Dorilton Ventures,
Williams,2023,Acronis,Cybersecurity,Acronis,
Williams,2023,Michelob Ultra,Beverages/Food,Michelob Ultra,
Williams,2023,Financial Times,Media,Financial Times,
Williams,2023,Broadcom Software,Technology,Broadcom Software,
Williams,2023,Bremont,Luxury Watches,Bremont,
Williams,2023,PureStream,Technology,PureStream,
Williams,2023,Pirelli,Automotive,Pirelli,
Williams,2023,Umbro,Apparel,Umbro,
Williams,2023,Zeiss,Technology,Zeiss,
Williams,2023,Crew Clothing Company,Apparel,Crew Clothing Company,
Williams,2023,PPG,Industrial,PPG,
Williams,2023,OMP,Automotive,OMP,
Williams,2023,KX,Technology,KX,
Williams,2023,DTex,Cybersecurity,DTex,
Williams,2023,Life Fitness,Fitness,Life Fitness,
Williams,2023,SIA,Nonprofit,SIA,
Williams,2023,Jumeirah Hotels & Resorts,Hospitality,Jumeirah Hotels & Resorts,
Sauber/Alfa Romeo,2023,Alfa Romeo,Automotive,Alfa Romeo,
Sauber/Alfa Romeo,2023,Acceleron,Industrial,Acceleron,
Sauber/Alfa Romeo,2023,AMX,Technology,AMX,
Sauber/Alfa Romeo,2023,Curam Domi,Technology,Curam Domi,
Sauber/Alfa Romeo,2023,Code Zero,Apparel,Code Zero,
Sauber/Alfa Romeo,2023,Camozzi,Industrial,Camozzi,
Sauber/Alfa Romeo,2023,Delsey,Travel/Luggage,Delsey,
Sauber/Alfa Romeo,2023,Ferrari Trento,Beverages/Food,Ferrari Trento,
Sauber/Alfa Romeo,2023,Globeair,Aviation,Globeair,
Sauber/Alfa Romeo,2023,Singha,Beverages/Food,Singha,
Sauber/Alfa Romeo,2023,Additive Industries,Industrial,Additive Industries,
Sauber/Alfa Romeo,2023,Marelli,Automotive,Marelli,
Sauber/Alfa Romeo,2023,Mitsubishi Electric,Industrial,Mitsubishi Electric,
Sauber/Alfa Romeo,2023,Pirelli,Automotive,Pirelli,
Sauber/Alfa Romeo,2023,Save the Children,Nonprofit,Save the Children,
Sauber/Alfa Romeo,2023,Hyland,Technology,Hyland,
Sauber/Alfa Romeo,2023,Puma,Apparel,Puma,
Sauber/Alfa Romeo,2023,Rebellion,Luxury Watches,Rebellion,
Sauber/Alfa Romeo,2023,Sabelt,Automotive,Sabelt,
Sauber/Alfa Romeo,2023,Socios.com,Crypto/Web3,Socios.com,
Sauber/Alfa Romeo,2023,Walter Meier,Industrial,Walter Meier,
Sauber/Alfa Romeo,2023,Web Eyewear,Fashion,Web Eyewear,
Sauber/Alfa Romeo,2023,JigSpace,Technology,JigSpace,
Sauber/Alfa Romeo,2023,AB Dynamics,Technology,AB Dynamics,
Sauber/Alfa Romeo,2023,Brutsch-Ruegger,Industrial,Brutsch-Ruegger,
Sauber/Alfa Romeo,2023,Riedel,Technology,Riedel,
Sauber/Alfa Romeo,2023,MindMaze,Technology,MindMaze,
Sauber/Alfa Romeo,2023,Stake,Gambling/Betting,Stake,
Sauber/Alfa Romeo,2023,Kick,Media,Kick,
Sauber/Alfa Romeo,2023,Agilis,Technology,Agilis,
Sauber/Alfa Romeo,2023,Assos,Apparel,Assos,
Sauber/Alfa Romeo,2023,Axim Trade,Finance,Axim Trade,
Sauber/Alfa Romeo,2023,Cielo,Finance,Cielo,
Sauber/Alfa Romeo,2023,Ciesse Piumini,Apparel,Ciesse Piumini,
Sauber/Alfa Romeo,2023,Corinthian Re,Insurance,Corinthian Re,
Sauber/Alfa Romeo,2023,Diagnostix,Life Sciences,Diagnostix,
Sauber/Alfa Romeo,2023,Edelweiss,Hospitality,Edelweiss,
Sauber/Alfa Romeo,2023,Everdome,Crypto/Web3,Everdome,
Sauber/Alfa Romeo,2023,Georg Fischer,Industrial,Georg Fischer,
Sauber/Alfa Romeo,2023,Kick Out Plastic,Nonprofit,Kick Out Plastic,
Sauber/Alfa Romeo,2023,Mascot Workwear,Apparel,Mascot Workwear,
Sauber/Alfa Romeo,2023,ProTech,Industrial,ProTech,
Sauber/Alfa Romeo,2023,Salt,Consumer Goods,Salt,
Sauber/Alfa Romeo,2023,SenseTime,Technology,SenseTime,
Sauber/Alfa Romeo,2023,Seagate,Technology,Seagate,
Sauber/Alfa Romeo,2023,WhistlePig,Beverages/Food,WhistlePig,
Haas,2023,Haas Automation,Industrial,Haas Automation,
Haas,2023,Alpinestars,Apparel,Alpinestars,
Haas,2023,Pirelli,Automotive,Pirelli,
Haas,2023,Schuberth,Automotive,Schuberth,
Haas,2023,Taittinger,Beverages/Food,Taittinger,
Haas,2023,Tricorp Workwear,Apparel,Tricorp Workwear,
Haas,2023,MoneyGram,Finance,MoneyGram,
Haas,2023,Chipotle,Beverages/Food,Chipotle,
Haas,2023,Haas Tooling,Industrial,Haas Tooling,
Haas,2023,Hantec Markets,Finance,Hantec Markets,
Haas,2023,Oak Berry,Beverages/Food,Oak Berry,
Haas,2023,OpenSea,Crypto/Web3,OpenSea,
Haas,2023,Palm Angels,Fashion,Palm Angels,
Haas,2023,Travis Mathew,Apparel,Travis Mathew,
Mercedes,2024,Petronas,Energy/Oil,Petronas,
Mercedes,2024,Ineos,Chemicals,Ineos,
Mercedes,2024,CrowdStrike,Cybersecurity,CrowdStrike,
Mercedes,2024,TeamViewer,Technology,TeamViewer,
Mercedes,2024,UBS,Finance,UBS,
Mercedes,2024,Snapdragon,Technology,Snapdragon,
Mercedes,2024,G42,Technology,G42,
Mercedes,2024,Akkodis,Technology,Akkodis,
Mercedes,2024,IWC Schaffhausen,Luxury Watches,IWC Schaffhausen,
Mercedes,2024,Hewlett Packard Enterprise,Technology,Hewlett Packard Enterprise,
Mercedes,2024,Solera,Technology,Solera,
Mercedes,2024,Nuvei,Finance,Nuvei,
Mercedes,2024,Einhell,Industrial,Einhell,
Mercedes,2024,AMD,Technology,AMD,
Mercedes,2024,The Ritz-Carlton,Hospitality,The Ritz-Carlton,
Mercedes,2024,Sherwin Williams,Industrial,Sherwin Williams,
Mercedes,2024,Tommy Hilfiger,Fashion,Tommy Hilfiger,
Mercedes,2024,Puma,Apparel,Puma,
Mercedes,2024,Police,Fashion,Police,
Mercedes,2024,OZ Racing,Automotive,OZ Racing,
Mercedes,2024,Endless,Automotive,Endless,
Mercedes,2024,Pirelli,Automotive,Pirelli,
Mercedes,2024,SAP,Technology,SAP,
Mercedes,2024,WhatsApp,Technology,WhatsApp,
Mercedes,2024,Luminar,Automotive,Luminar,
Red Bull,2024,Oracle,Technology,Oracle,
Red Bull,2024,Tag Heuer,Luxury Watches,Tag Heuer,
Red Bull,2024,Cash App,Finance,Cash App,
Red Bull,2024,Bybit,Crypto/Web3,Bybit,
Red Bull,2024,Rauch,Beverages/Food,Rauch,
Red Bull,2024,Pirelli,Automotive,Pirelli,
Red Bull,2024,Mobil 1,Energy/Oil,Mobil 1,
Red Bull,2024,Esso,Energy/Oil,Esso,
Red Bull,2024,Siemens,Industrial,Siemens,
Red Bull,2024,AT&T,Telecom,AT&T,
Red Bull,2024,Inter Proteccion,Insurance,Inter Proteccion,
Red Bull,2024,Hewlett Packard Enterprise,Technology,Hewlett Packard Enterprise,
Red Bull,2024,Telcel,Telecom,Telcel,
Red Bull,2024,Hexagon,Technology,Hexagon,
Red Bull,2024,DMG Mori,Industrial,DMG Mori,
Red Bull,2024,Ansys,Technology,Ansys,
Red Bull,2024,PWR,Automotive,PWR,
Red Bull,2024,Gold Standard,Finance,Gold Standard,
Red Bull,2024,Armor All,Automotive,Armor All,
Red Bull,2024,Claro,Telecom,Claro,
Red Bull,2024,HP/Poly,Technology,HP/Poly,
Red Bull,2024,Built for Athletes,Apparel,Built for Athletes,
Red Bull,2024,Castore,Apparel,Castore,
Red Bull,2024,New Era,Apparel,New Era,
Red Bull,2024,Athletic Propulsion Labs,Apparel,Athletic Propulsion Labs,
Red Bull,2024,BMC,Cycling,BMC,
Red Bull,2024,Blenders,Fashion,Blenders,
Red Bull,2024,Hard Rock International,Hospitality,Hard Rock International,
Red Bull,2024,ROKT,Technology,ROKT,
Red Bull,2024,Honda,Automotive,Honda,
Red Bull,2024,Arctic Wolf,Cybersecurity,Arctic Wolf,
Red Bull,2024,Zoom,Technology,Zoom,
Red Bull,2024,CDW,Technology,CDW,
Red Bull,2024,Sparco,Automotive,Sparco,
Red Bull,2024,Sui,Crypto/Web3,Sui,
Red Bull,2024,Visa,Finance,Visa,
Red Bull,2024,Heineken,Beverages/Food,Heineken,
Red Bull,2024,Patron,Beverages/Food,Patron,
Ferrari,2024,Shell,Energy/Oil,Shell,
Ferrari,2024,Santander,Finance,Santander,
Ferrari,2024,Ray-Ban,Fashion,Ray-Ban,
Ferrari,2024,AWS,Technology,AWS,
Ferrari,2024,Richard Mille,Luxury Watches,Richard Mille,
Ferrari,2024,Ceva Logistics,Logistics,Ceva Logistics,
Ferrari,2024,OMR Automotive,Automotive,OMR Automotive,
Ferrari,2024,MAHLE,Automotive,MAHLE,
Ferrari,2024,Pirelli,Automotive,Pirelli,
Ferrari,2024,Puma,Apparel,Puma,
Ferrari,2024,Bell,Automotive,Bell,
Ferrari,2024,SKF,Industrial,SKF,
Ferrari,2024,VistaJet,Aviation,VistaJet,
Ferrari,2024,NGK Spark Plugs,Automotive,NGK Spark Plugs,
Ferrari,2024,Brembo,Automotive,Brembo,
Ferrari,2024,Riedel,Technology,Riedel,
Ferrari,2024,Iveco,Automotive,Iveco,
Ferrari,2024,ManPower Group,Staffing,ManPower Group,
Ferrari,2024,Technogym,Fitness,Technogym,
Ferrari,2024,Garrett,Automotive,Garrett,
Ferrari,2024,Giorgio Armani,Fashion,Giorgio Armani,
Ferrari,2024,Sabelt,Automotive,Sabelt,
Ferrari,2024,VGW Play,Gambling/Betting,VGW Play,
Ferrari,2024,Genesys,Technology,Genesys,
Ferrari,2024,Bitdefender,Cybersecurity,Bitdefender,
Ferrari,2024,HCL Software,Technology,HCL Software,
Ferrari,2024,Harman Automotive,Automotive,Harman Automotive,
Ferrari,2024,ZCG,Finance,ZCG,
Ferrari,2024,Bang Olufsen,Consumer Electronics,Bang Olufsen,
Ferrari,2024,Ecopol,Industrial,Ecopol,
Ferrari,2024,Riva,Luxury,Riva,
Ferrari,2024,Ohlins,Automotive,Ohlins,
Ferrari,2024,DXC Technology,Technology,DXC Technology,
Ferrari,2024,Peroni,Beverages/Food,Peroni,
Ferrari,2024,Philip Morris International,Tobacco,Philip Morris International,
Ferrari,2024,Celsius,Beverages/Food,Celsius,
McLaren,2024,British-American Tobacco (A Better Tomorrow),Tobacco,British-American Tobacco (A Better Tomorrow),
McLaren,2024,Splunk,Technology,Splunk,
McLaren,2024,DarkTrace,Cybersecurity,DarkTrace,
McLaren,2024,Dell Technologies,Technology,Dell Technologies,
McLaren,2024,Alteryx,Technology,Alteryx,
McLaren,2024,Smartsheet,Technology,Smartsheet,
McLaren,2024,Medallia,Technology,Medallia,
McLaren,2024,Arrow Electronics,Technology,Arrow Electronics,
McLaren,2024,Richard Mille,Luxury Watches,Richard Mille,
McLaren,2024,Hilton,Hospitality,Hilton,
McLaren,2024,Coca Cola,Beverages/Food,Coca Cola,
McLaren,2024,Unilever,Consumer Goods,Unilever,
McLaren,2024,FxPro,Finance,FxPro,
McLaren,2024,Deloitte,Professional Services,Deloitte,
McLaren,2024,TUMI,Fashion,TUMI,
McLaren,2024,CNBC,Media,CNBC,
McLaren,2024,Sparco,Automotive,Sparco,
McLaren,2024,Ashurst,Legal,Ashurst,
McLaren,2024,Stratasys,Technology,Stratasys,
McLaren,2024,KAUST,Education,KAUST,
McLaren,2024,New Era,Apparel,New Era,
McLaren,2024,FAI Aviation Group,Aviation,FAI Aviation Group,
McLaren,2024,Cisco,Technology,Cisco,
McLaren,2024,Webex,Technology,Webex,
McLaren,2024,AkzoNobel-Sikkens,Industrial,AkzoNobel-Sikkens,
McLaren,2024,Castore,Apparel,Castore,
McLaren,2024,SunGod,Fashion,SunGod,
McLaren,2024,Technogym,Fitness,Technogym,
McLaren,2024,Google/Chrome,Technology,Google/Chrome,
McLaren,2024,Pirelli,Automotive,Pirelli,
McLaren,2024,OKX,Crypto/Web3,OKX,
McLaren,2024,Android,Technology,Android,
McLaren,2024,DP World,Logistics,DP World,
McLaren,2024,Jack Daniels,Beverages/Food,Jack Daniels,
McLaren,2024,VM Ware,Technology,VM Ware,
McLaren,2024,DeWalt,Industrial,DeWalt,
McLaren,2024,Cadence,Technology,Cadence,
McLaren,2024,K-Swiss,Apparel,K-Swiss,
McLaren,2024,Monster Energy,Beverages/Food,Monster Energy,
McLaren,2024,Salesforce,Technology,Salesforce,
McLaren,2024,Estrella Galicia,Beverages/Food,Estrella Galicia,
McLaren,2024,Dropbox,Technology,Dropbox,
McLaren,2024,Workday,Technology,Workday,
McLaren,2024,Ecolab,Industrial,Ecolab,
McLaren,2024,Airwallex,Finance,Airwallex,
McLaren,2024,ON Optimum Nutrition,Fitness,ON Optimum Nutrition,
McLaren,2024,Halo ITSM,Technology,Halo ITSM,
McLaren,2024,Udemy,Education,Udemy,
McLaren,2024,Reiss,Fashion,Reiss,
McLaren,2024,Alpinestar,Apparel,Alpinestar,
Alpine/Renault,2024,BWT,Water Technology,BWT,
Alpine/Renault,2024,Castrol,Energy/Oil,Castrol,
Alpine/Renault,2024,BP Ultimate,Energy/Oil,BP Ultimate,
Alpine/Renault,2024,Renault E-Tech,Automotive,Renault E-Tech,
Alpine/Renault,2024,Binance,Crypto/Web3,Binance,
Alpine/Renault,2024,Mobilize Financial Services,Finance,Mobilize Financial Services,
Alpine/Renault,2024,Microsoft,Technology,Microsoft,
Alpine/Renault,2024,Kappa,Apparel,Kappa,
Alpine/Renault,2024,Sprinklr,Technology,Sprinklr,
Alpine/Renault,2024,Boeing,Aerospace,Boeing,
Alpine/Renault,2024,Delphi,Automotive,Delphi,
Alpine/Renault,2024,Eurodatacar,Technology,Eurodatacar,
Alpine/Renault,2024,KWay,Apparel,KWay,
Alpine/Renault,2024,Shamir,Consumer Goods,Shamir,
Alpine/Renault,2024,Yahoo!,Media,Yahoo!,
Alpine/Renault,2024,3D Systems,Technology,3D Systems,
Alpine/Renault,2024,Alpinestars,Apparel,Alpinestars,
Alpine/Renault,2024,Alpine Eyewear,Fashion,Alpine Eyewear,
Alpine/Renault,2024,GCaps,Technology,GCaps,
Alpine/Renault,2024,Hexis,Industrial,Hexis,
Alpine/Renault,2024,Matrix,Technology,Matrix,
Alpine/Renault,2024,Perkin Elmer,Life Sciences,Perkin Elmer,
Alpine/Renault,2024,Pirelli,Automotive,Pirelli,
Alpine/Renault,2024,Roland,Technology,Roland,
Alpine/Renault,2024,Track Racer,Consumer Goods,Track Racer,
Alpine/Renault,2024,Canel’s,Beverages/Food,Canel’s,
Alpine/Renault,2024,businesssolver,Technology,businesssolver,
Alpine/Renault,2024,XBOX,Gaming,XBOX,
Alpine/Renault,2024,mntn,Technology,mntn,
Alpine/Renault,2024,Amazon Music,Media,Amazon Music,
Alpine/Renault,2024,Qatar Airways,Aviation,Qatar Airways,
Alpine/Renault,2024,H Moser & Cie,Luxury Watches,H Moser & Cie,
RB/AlphaTauri,2024,Orlen,Energy/Oil,Orlen,
RB/AlphaTauri,2024,AlphaTauri,Apparel,AlphaTauri,
RB/AlphaTauri,2024,Honda,Automotive,Honda,
RB/AlphaTauri,2024,Epicor,Technology,Epicor,
RB/AlphaTauri,2024,FlexBox,Technology,FlexBox,
RB/AlphaTauri,2024,Randstad,Staffing,Randstad,
RB/AlphaTauri,2024,Pirelli,Automotive,Pirelli,
RB/AlphaTauri,2024,Ravenol,Energy/Oil,Ravenol,
RB/AlphaTauri,2024,P448,Apparel,P448,
RB/AlphaTauri,2024,Riedel,Technology,Riedel,
RB/AlphaTauri,2024,Siemens,Industrial,Siemens,
RB/AlphaTauri,2024,XMTrading,Finance,XMTrading,
RB/AlphaTauri,2024,Visa,Finance,Visa,
RB/AlphaTauri,2024,Cash App,Finance,Cash App,
RB/AlphaTauri,2024,Hugo,Fashion,Hugo,
RB/AlphaTauri,2024,Tudor,Luxury Watches,Tudor,
RB/AlphaTauri,2024,NEFT Vodka,Beverages/Food,NEFT Vodka,
RB/AlphaTauri,2024,Piquadro,Fashion,Piquadro,
Aston Martin,2024,Cognizant,Technology,Cognizant,
Aston Martin,2024,Aramco,Energy/Oil,Aramco,
Aston Martin,2024,SentinelOne,Cybersecurity,SentinelOne,
Aston Martin,2024,Citi,Finance,Citi,
Aston Martin,2024,Juniper Networks,Technology,Juniper Networks,
Aston Martin,2024,JCB,Industrial,JCB,
Aston Martin,2024,NetApp,Technology,NetApp,
Aston Martin,2024,Avatrade,Finance,Avatrade,
Aston Martin,2024,Boss,Fashion,Boss,
Aston Martin,2024,Girard Perregaux,Luxury Watches,Girard Perregaux,
Aston Martin,2024,EPOS,Consumer Electronics,EPOS,
Aston Martin,2024,Bombardier,Aerospace,Bombardier,
Aston Martin,2024,Globe Trotter,Travel/Luggage,Globe Trotter,
Aston Martin,2024,Pirelli,Automotive,Pirelli,
Aston Martin,2024,Tik Tok,Media,Tik Tok,
Aston Martin,2024,Ogio,Travel/Luggage,Ogio,
Aston Martin,2024,Oakley,Fashion,Oakley,
Aston Martin,2024,Alpinestars,Apparel,Alpinestars,
Aston Martin,2024,Stilo,Automotive,Stilo,
Aston Martin,2024,Velocity Black,Technology,Velocity Black,
Aston Martin,2024,Valvoline,Energy/Oil,Valvoline,
Aston Martin,2024,NexGEN,Technology,NexGEN,
Aston Martin,2024,Banco Master,Finance,Banco Master,
Aston Martin,2024,ServiceNow,Technology,ServiceNow,
Aston Martin,2024,Regent Sea Cruises,Hospitality,Regent Sea Cruises,
Aston Martin,2024,WolfGang Puck,Hospitality,WolfGang Puck,
Aston Martin,2024,Financial Times,Media,Financial Times,
Aston Martin,2024,OMP,Automotive,OMP,
Aston Martin,2024,Stichd,Apparel,Stichd,
Williams,2024,Gulf,Energy/Oil,Gulf,
Williams,2024,Duracell,Consumer Goods,Duracell,
Williams,2024,Stephens,Finance,Stephens,
Williams,2024,Dorilton Ventures,Investment,Dorilton Ventures,
Williams,2024,Michelob Ultra,Beverages/Food,Michelob Ultra,
Williams,2024,Financial Times,Media,Financial Times,
Williams,2024,Broadcom Software,Technology,Broadcom Software,
Williams,2024,PureStream,Technology,PureStream,
Williams,2024,Pirelli,Automotive,Pirelli,
Williams,2024,Crew Clothing Company,Apparel,Crew Clothing Company,
Williams,2024,Life Fitness,Fitness,Life Fitness,
Williams,2024,SIA,Nonprofit,SIA,
Williams,2024,Kraken,Crypto/Web3,Kraken,
Williams,2024,Komatsu,Industrial,Komatsu,
Williams,2024,MyProtein,Fitness,MyProtein,
Williams,2024,VAST,Technology,VAST,
Williams,2024,Ingenuity Commerce,Technology,Ingenuity Commerce,
Williams,2024,Puma,Apparel,Puma,
Sauber/Alfa Romeo,2024,Acceleron,Industrial,Acceleron,
Sauber/Alfa Romeo,2024,Code Zero,Apparel,Code Zero,
Sauber/Alfa Romeo,2024,Camozzi,Industrial,Camozzi,
Sauber/Alfa Romeo,2024,Globeair,Aviation,Globeair,
Sauber/Alfa Romeo,2024,Singha,Beverages/Food,Singha,
Sauber/Alfa Romeo,2024,Additive Industries,Industrial,Additive Industries,
Sauber/Alfa Romeo,2024,Marelli,Automotive,Marelli,
Sauber/Alfa Romeo,2024,Mitsubishi Electric,Industrial,Mitsubishi Electric,
Sauber/Alfa Romeo,2024,Pirelli,Automotive,Pirelli,
Sauber/Alfa Romeo,2024,Save the Children,Nonprofit,Save the Children,
Sauber/Alfa Romeo,2024,Hyland,Technology,Hyland,
Sauber/Alfa Romeo,2024,Puma,Apparel,Puma,
Sauber/Alfa Romeo,2024,Rebellion,Luxury Watches,Rebellion,
Sauber/Alfa Romeo,2024,Sabelt,Automotive,Sabelt,
Sauber/Alfa Romeo,2024,Socios.com,Crypto/Web3,Socios.com,
Sauber/Alfa Romeo,2024,Walter Meier,Industrial,Walter Meier,
Sauber/Alfa Romeo,2024,Web Eyewear,Fashion,Web Eyewear,
Sauber/Alfa Romeo,2024,JigSpace,Technology,JigSpace,
Sauber/Alfa Romeo,2024,Brutsch-Ruegger,Industrial,Brutsch-Ruegger,
Sauber/Alfa Romeo,2024,Riedel,Technology,Riedel,
Sauber/Alfa Romeo,2024,MindMaze,Technology,MindMaze,
Sauber/Alfa Romeo,2024,Stake,Gambling/Betting,Stake,
Sauber/Alfa Romeo,2024,Kick,Media,Kick,
Sauber/Alfa Romeo,2024,Agilis,Technology,Agilis,
Sauber/Alfa Romeo,2024,Cielo,Finance,Cielo,
Sauber/Alfa Romeo,2024,Ciesse Piumini,Apparel,Ciesse Piumini,
Sauber/Alfa Romeo,2024,Everdome,Crypto/Web3,Everdome,
Sauber/Alfa Romeo,2024,Georg Fischer,Industrial,Georg Fischer,
Sauber/Alfa Romeo,2024,Mascot Workwear,Apparel,Mascot Workwear,
Sauber/Alfa Romeo,2024,SenseTime,Technology,SenseTime,
Sauber/Alfa Romeo,2024,Seagate,Technology,Seagate,
Sauber/Alfa Romeo,2024,WhistlePig,Beverages/Food,WhistlePig,
Sauber/Alfa Romeo,2024,FIX Network,Automotive,FIX Network,
Sauber/Alfa Romeo,2024,Sunoco,Energy/Oil,Sunoco,
Sauber/Alfa Romeo,2024,Extreme Networks,Technology,Extreme Networks,
Sauber/Alfa Romeo,2024,Lemo,Technology,Lemo,
Sauber/Alfa Romeo,2024,Vibratech,Industrial,Vibratech,
Sauber/Alfa Romeo,2024,Scania,Automotive,Scania,
Sauber/Alfa Romeo,2024,Hewlett Packard Enterprise,Technology,Hewlett Packard Enterprise,
Haas,2024,Haas Automation,Industrial,Haas Automation,
Haas,2024,Alpinestars,Apparel,Alpinestars,
Haas,2024,Pirelli,Automotive,Pirelli,
Haas,2024,Schuberth,Automotive,Schuberth,
Haas,2024,Taittinger,Beverages/Food,Taittinger,
Haas,2024,Tricorp Workwear,Apparel,Tricorp Workwear,
Haas,2024,MoneyGram,Finance,MoneyGram,
Haas,2024,Chipotle,Beverages/Food,Chipotle,
Haas,2024,Haas Tooling,Industrial,Haas Tooling,
Haas,2024,Hantec Markets,Finance,Hantec Markets,
Haas,2024,Oak Berry,Beverages/Food,Oak Berry,
Haas,2024,OpenSea,Crypto/Web3,OpenSea,
Haas,2024,Palm Angels,Fashion,Palm Angels,
Haas,2024,Travis Mathew,Apparel,Travis Mathew,
Haas,2024,Play & Go,Gaming,Play & Go,
Haas,2024,MGM Rewards,Hospitality,MGM Rewards,
Haas,2024,New Era,Apparel,New Era,
Mercedes,2025,Petronas,Energy/Oil,Petronas,
Mercedes,2025,Ineos,Chemicals,Ineos,
Mercedes,2025,CrowdStrike,Cybersecurity,CrowdStrike,
Mercedes,2025,TeamViewer,Technology,TeamViewer,
Mercedes,2025,UBS,Finance,UBS,
Mercedes,2025,Snapdragon,Technology,Snapdragon,
Mercedes,2025,G42,Technology,G42,
Mercedes,2025,Akkodis,Technology,Akkodis,
Mercedes,2025,IWC Schaffhausen,Luxury Watches,IWC Schaffhausen,
Mercedes,2025,Hewlett Packard Enterprise,Technology,Hewlett Packard Enterprise,
Mercedes,2025,Solera,Technology,Solera,
Mercedes,2025,Nuvei,Finance,Nuvei,
Mercedes,2025,Einhell,Industrial,Einhell,
Mercedes,2025,AMD,Technology,AMD,
Mercedes,2025,The Ritz-Carlton,Hospitality,The Ritz-Carlton,
Mercedes,2025,Sherwin Williams,Industrial,Sherwin Williams,
Mercedes,2025,Endless,Automotive,Endless,
Mercedes,2025,Pirelli,Automotive,Pirelli,
Mercedes,2025,SAP,Technology,SAP,
Mercedes,2025,WhatsApp,Technology,WhatsApp,
Mercedes,2025,Luminar,Automotive,Luminar,
Mercedes,2025,BetterUp,Workplace Coaching,BetterUp,
Mercedes,2025,adidas,Apparel,adidas,
Mercedes,2025,Signify,Technology,Signify,
Mercedes,2025,Mous,Consumer Electronics,Mous,
Red Bull,2025,Oracle,Technology,Oracle,
Red Bull,2025,Tag Heuer,Luxury Watches,Tag Heuer,
Red Bull,2025,Rauch,Beverages/Food,Rauch,
Red Bull,2025,Pirelli,Automotive,Pirelli,
Red Bull,2025,Mobil 1,Energy/Oil,Mobil 1,
Red Bull,2025,Esso,Energy/Oil,Esso,
Red Bull,2025,Siemens,Industrial,Siemens,
Red Bull,2025,AT&T,Telecom,AT&T,
Red Bull,2025,Hexagon,Technology,Hexagon,
Red Bull,2025,DMG Mori,Industrial,DMG Mori,
Red Bull,2025,Ansys,Technology,Ansys,
Red Bull,2025,PWR,Automotive,PWR,
Red Bull,2025,Gold Standard,Finance,Gold Standard,
Red Bull,2025,Armor All,Automotive,Armor All,
Red Bull,2025,Castore,Apparel,Castore,
Red Bull,2025,New Era,Apparel,New Era,
Red Bull,2025,Hard Rock International,Hospitality,Hard Rock International,
Red Bull,2025,ROKT,Technology,ROKT,
Red Bull,2025,Honda,Automotive,Honda,
Red Bull,2025,CDW,Technology,CDW,
Red Bull,2025,Sparco,Automotive,Sparco,
Red Bull,2025,Visa,Finance,Visa,
Red Bull,2025,Heineken,Beverages/Food,Heineken,
Red Bull,2025,Patron,Beverages/Food,Patron,
Red Bull,2025,Gate.io,Crypto/Web3,Gate.io,
Red Bull,2025,1Password,Cybersecurity,1Password,
Red Bull,2025,Yeti,Consumer Goods,Yeti,
Red Bull,2025,Maui Jim,Fashion,Maui Jim,
Red Bull,2025,AvaTrade,Finance,AvaTrade,
Red Bull,2025,Pepe Jeans,Fashion,Pepe Jeans,
Red Bull,2025,Philips,Consumer Electronics,Philips,
Red Bull,2025,Neat,Technology,Neat,
Red Bull,2025,Mophie,Consumer Electronics,Mophie,
Ferrari,2025,Shell,Energy/Oil,Shell,
Ferrari,2025,Ray-Ban,Fashion,Ray-Ban,
Ferrari,2025,AWS,Technology,AWS,
Ferrari,2025,Richard Mille,Luxury Watches,Richard Mille,
Ferrari,2025,Ceva Logistics,Logistics,Ceva Logistics,
Ferrari,2025,OMR Automotive,Automotive,OMR Automotive,
Ferrari,2025,MAHLE,Automotive,MAHLE,
Ferrari,2025,Pirelli,Automotive,Pirelli,
Ferrari,2025,Puma,Apparel,Puma,
Ferrari,2025,Bell,Automotive,Bell,
Ferrari,2025,SKF,Industrial,SKF,
Ferrari,2025,VistaJet,Aviation,VistaJet,
Ferrari,2025,NGK Spark Plugs,Automotive,NGK Spark Plugs,
Ferrari,2025,Brembo,Automotive,Brembo,
Ferrari,2025,Riedel,Technology,Riedel,
Ferrari,2025,Iveco,Automotive,Iveco,
Ferrari,2025,ManPower Group,Staffing,ManPower Group,
Ferrari,2025,Technogym,Fitness,Technogym,
Ferrari,2025,Garrett,Automotive,Garrett,
Ferrari,2025,Giorgio Armani,Fashion,Giorgio Armani,
Ferrari,2025,Sabelt,Automotive,Sabelt,
Ferrari,2025,VGW Play,Gambling/Betting,VGW Play,
Ferrari,2025,Genesys,Technology,Genesys,
Ferrari,2025,Bitdefender,Cybersecurity,Bitdefender,
Ferrari,2025,HCL Software,Technology,HCL Software,
Ferrari,2025,ZCG,Finance,ZCG,
Ferrari,2025,Bang & Olufsen,Consumer Electronics,Bang & Olufsen,
Ferrari,2025,Ecopol,Industrial,Ecopol,
Ferrari,2025,Ohlins,Automotive,Ohlins,
Ferrari,2025,DXC Technology,Technology,DXC Technology,
Ferrari,2025,Peroni,Beverages/Food,Peroni,
Ferrari,2025,Philip Morris International,Tobacco,Philip Morris International,
Ferrari,2025,Celsius,Beverages/Food,Celsius,
Ferrari,2025,HP,Technology,HP,
Ferrari,2025,UniCredit,Finance,UniCredit,
Ferrari,2025,Ambipar,Environmental Services,Ambipar,
Ferrari,2025,Chivas Regal,Beverages/Food,Chivas Regal,
Ferrari,2025,Espacto,Other,Espacto,
Ferrari,2025,Vantage,Finance,Vantage,
Ferrari,2025,IBM,Technology,IBM,
McLaren,2025,British-American Tobacco (A Better Tomorrow),Tobacco,British-American Tobacco (A Better Tomorrow),
McLaren,2025,Splunk,Technology,Splunk,
McLaren,2025,Dell Technologies,Technology,Dell Technologies,
McLaren,2025,Alteryx,Technology,Alteryx,
McLaren,2025,Smartsheet,Technology,Smartsheet,
McLaren,2025,Medallia,Technology,Medallia,
McLaren,2025,Arrow Electronics,Technology,Arrow Electronics,
McLaren,2025,Richard Mille,Luxury Watches,Richard Mille,
McLaren,2025,Hilton,Hospitality,Hilton,
McLaren,2025,Unilever,Consumer Goods,Unilever,
McLaren,2025,FxPro,Finance,FxPro,
McLaren,2025,Deloitte,Professional Services,Deloitte,
McLaren,2025,TUMI,Fashion,TUMI,
McLaren,2025,CNBC,Media,CNBC,
McLaren,2025,Ashurst,Legal,Ashurst,
McLaren,2025,Stratasys,Technology,Stratasys,
McLaren,2025,KAUST,Education,KAUST,
McLaren,2025,New Era,Apparel,New Era,
McLaren,2025,FAI Aviation Group,Aviation,FAI Aviation Group,
McLaren,2025,Cisco,Technology,Cisco,
McLaren,2025,AkzoNobel-Sikkens,Industrial,AkzoNobel-Sikkens,
McLaren,2025,Castore,Apparel,Castore,
McLaren,2025,SunGod,Fashion,SunGod,
McLaren,2025,Google/Chrome,Technology,Google/Chrome,
McLaren,2025,Pirelli,Automotive,Pirelli,
McLaren,2025,OKX,Crypto/Web3,OKX,
McLaren,2025,Android,Technology,Android,
McLaren,2025,DP World,Logistics,DP World,
McLaren,2025,Jack Daniels,Beverages/Food,Jack Daniels,
McLaren,2025,DeWalt,Industrial,DeWalt,
McLaren,2025,K-Swiss,Apparel,K-Swiss,
McLaren,2025,Monster Energy,Beverages/Food,Monster Energy,
McLaren,2025,Salesforce,Technology,Salesforce,
McLaren,2025,Estrella Galicia,Beverages/Food,Estrella Galicia,
McLaren,2025,Dropbox,Technology,Dropbox,
McLaren,2025,Workday,Technology,Workday,
McLaren,2025,Ecolab,Industrial,Ecolab,
McLaren,2025,Airwallex,Finance,Airwallex,
McLaren,2025,ON Optimum Nutrition,Fitness,ON Optimum Nutrition,
McLaren,2025,Halo ITSM,Technology,Halo ITSM,
McLaren,2025,Udemy,Education,Udemy,
McLaren,2025,Reiss,Fashion,Reiss,
McLaren,2025,Alpinestar,Apparel,Alpinestar,
McLaren,2025,Mastercard,Finance,Mastercard,
McLaren,2025,Allwyn,Gambling/Betting,Allwyn,
McLaren,2025,Okta,Cybersecurity,Okta,
McLaren,2025,Goldman Sachs,Finance,Goldman Sachs,
McLaren,2025,eBay,Ecommerce,eBay,
McLaren,2025,Greene Tweed,Industrial,Greene Tweed,
McLaren,2025,T-Mobile,Telecom,T-Mobile,
McLaren,2025,LEGO,Toys/Games,LEGO,
Alpine/Renault,2025,BWT,Water Technology,BWT,
Alpine/Renault,2025,Renault E-Tech,Automotive,Renault E-Tech,
Alpine/Renault,2025,Binance,Crypto/Web3,Binance,
Alpine/Renault,2025,Mobilize Financial Services,Finance,Mobilize Financial Services,
Alpine/Renault,2025,Microsoft,Technology,Microsoft,
Alpine/Renault,2025,Sprinklr,Technology,Sprinklr,
Alpine/Renault,2025,Boeing,Aerospace,Boeing,
Alpine/Renault,2025,Delphi,Automotive,Delphi,
Alpine/Renault,2025,Eurodatacar,Technology,Eurodatacar,
Alpine/Renault,2025,Shamir,Consumer Goods,Shamir,
Alpine/Renault,2025,3D Systems,Technology,3D Systems,
Alpine/Renault,2025,Alpinestars,Apparel,Alpinestars,
Alpine/Renault,2025,Matrix,Technology,Matrix,
Alpine/Renault,2025,Pirelli,Automotive,Pirelli,
Alpine/Renault,2025,Roland,Technology,Roland,
Alpine/Renault,2025,Track Racer,Consumer Goods,Track Racer,
Alpine/Renault,2025,Canel’s,Beverages/Food,Canel’s,
Alpine/Renault,2025,businesssolver,Technology,businesssolver,
Alpine/Renault,2025,XBOX,Gaming,XBOX,
Alpine/Renault,2025,mntn,Technology,mntn,
Alpine/Renault,2025,Qatar Airways,Aviation,Qatar Airways,
Alpine/Renault,2025,H Moser & Cie,Luxury Watches,H Moser & Cie,
Alpine/Renault,2025,Eni,Energy/Oil,Eni,
Alpine/Renault,2025,MSC Cruises,Hospitality,MSC Cruises,
Alpine/Renault,2025,R5 Turbo 3E,Automotive,R5 Turbo 3E,
Alpine/Renault,2025,Arctic Monkey,Beverages/Food,Arctic Monkey,
Alpine/Renault,2025,ApeCoin,Crypto/Web3,ApeCoin,
Alpine/Renault,2025,Banco BRB,Finance,Banco BRB,
Alpine/Renault,2025,Castore,Apparel,Castore,
Alpine/Renault,2025,INFINOX,Finance,INFINOX,
Alpine/Renault,2025,Mercado Libre,Ecommerce,Mercado Libre,
Alpine/Renault,2025,Modo Casino,Gambling/Betting,Modo Casino,
Alpine/Renault,2025,New Era,Apparel,New Era,
Alpine/Renault,2025,Oakberry,Beverages/Food,Oakberry,
Alpine/Renault,2025,The Venetian Resort,Hospitality,The Venetian Resort,
Alpine/Renault,2025,Lumi,Other,Lumi,
Alpine/Renault,2025,Jaaq,Other,Jaaq,
Alpine/Renault,2025,M-Experiment,Other,M-Experiment,
Alpine/Renault,2025,viagogo,Ticketing,viagogo,
RB/AlphaTauri,2025,Honda,Automotive,Honda,
RB/AlphaTauri,2025,Randstad,Staffing,Randstad,
RB/AlphaTauri,2025,Pirelli,Automotive,Pirelli,
RB/AlphaTauri,2025,Riedel,Technology,Riedel,
RB/AlphaTauri,2025,Siemens,Industrial,Siemens,
RB/AlphaTauri,2025,XMTrading,Finance,XMTrading,
RB/AlphaTauri,2025,Visa,Finance,Visa,
RB/AlphaTauri,2025,Cash App,Finance,Cash App,
RB/AlphaTauri,2025,Hugo,Fashion,Hugo,
RB/AlphaTauri,2025,Tudor,Luxury Watches,Tudor,
RB/AlphaTauri,2025,NEFT Vodka,Beverages/Food,NEFT Vodka,
RB/AlphaTauri,2025,Piquadro,Fashion,Piquadro,
RB/AlphaTauri,2025,Hugo Eyewear,Fashion,Hugo Eyewear,
RB/AlphaTauri,2025,RebelDot,Technology,RebelDot,
RB/AlphaTauri,2025,Airtasker,Technology,Airtasker,
RB/AlphaTauri,2025,Dynatrace,Technology,Dynatrace,
RB/AlphaTauri,2025,Student.com,Travel,Student.com,
RB/AlphaTauri,2025,Roboze,Industrial,Roboze,
RB/AlphaTauri,2025,Hahn Air,Aviation,Hahn Air,
Aston Martin,2025,Cognizant,Technology,Cognizant,
Aston Martin,2025,Aramco,Energy/Oil,Aramco,
Aston Martin,2025,SentinelOne,Cybersecurity,SentinelOne,
Aston Martin,2025,Citi,Finance,Citi,
Aston Martin,2025,JCB,Industrial,JCB,
Aston Martin,2025,NetApp,Technology,NetApp,
Aston Martin,2025,Boss,Fashion,Boss,
Aston Martin,2025,Girard Perregaux,Luxury Watches,Girard Perregaux,
Aston Martin,2025,Bombardier,Aerospace,Bombardier,
Aston Martin,2025,Pirelli,Automotive,Pirelli,
Aston Martin,2025,TikTok,Media,TikTok,
Aston Martin,2025,Ogio,Travel/Luggage,Ogio,
Aston Martin,2025,Oakley,Fashion,Oakley,
Aston Martin,2025,Stilo,Automotive,Stilo,
Aston Martin,2025,Velocity Black,Technology,Velocity Black,
Aston Martin,2025,Valvoline,Energy/Oil,Valvoline,
Aston Martin,2025,NexGEN,Technology,NexGEN,
Aston Martin,2025,Banco Master,Finance,Banco Master,
Aston Martin,2025,ServiceNow,Technology,ServiceNow,
Aston Martin,2025,Regent Sea Cruises,Hospitality,Regent Sea Cruises,
Aston Martin,2025,Wolfgang Puck,Hospitality,Wolfgang Puck,
Aston Martin,2025,Financial Times,Media,Financial Times,
Aston Martin,2025,OMP,Automotive,OMP,
Aston Martin,2025,Stichd,Apparel,Stichd,
Aston Martin,2025,Maaden,Mining,Maaden,
Aston Martin,2025,Glenfiddich,Beverages/Food,Glenfiddich,
Aston Martin,2025,Coinbase,Crypto/Web3,Coinbase,
Aston Martin,2025,Pepperstone,Finance,Pepperstone,
Aston Martin,2025,Circle,Crypto/Web3,Circle,
Aston Martin,2025,Xerox,Technology,Xerox,
Aston Martin,2025,Arm,Technology,Arm,
Aston Martin,2025,Atlas Air,Aviation,Atlas Air,
Aston Martin,2025,Elemis London,Beauty,Elemis London,
Aston Martin,2025,Puma,Apparel,Puma,
Williams,2025,Gulf,Energy/Oil,Gulf,
Williams,2025,Duracell,Consumer Goods,Duracell,
Williams,2025,Stephens,Finance,Stephens,
Williams,2025,Dorilton Ventures,Investment,Dorilton Ventures,
Williams,2025,Pirelli,Automotive,Pirelli,
Williams,2025,Life Fitness,Fitness,Life Fitness,
Williams,2025,SIA,Nonprofit,SIA,
Williams,2025,Kraken,Crypto/Web3,Kraken,
Williams,2025,Komatsu,Industrial,Komatsu,
Williams,2025,MyProtein,Fitness,MyProtein,
Williams,2025,VAST,Technology,VAST,
Williams,2025,THG Ingenuity Commerce,Technology,THG Ingenuity Commerce,
Williams,2025,Puma,Apparel,Puma,
Williams,2025,Atlassian,Technology,Atlassian,
Williams,2025,Santander,Finance,Santander,
Williams,2025,Keeper,Cybersecurity,Keeper,
Williams,2025,FanCapital,Finance,FanCapital,
Williams,2025,Reviva,Other,Reviva,
Williams,2025,Zoox,Automotive,Zoox,
Williams,2025,Brillio,Technology,Brillio,
Sauber/Alfa Romeo,2025,Code Zero,Apparel,Code Zero,
Sauber/Alfa Romeo,2025,Camozzi,Industrial,Camozzi,
Sauber/Alfa Romeo,2025,Globeair,Aviation,Globeair,
Sauber/Alfa Romeo,2025,Singha,Beverages/Food,Singha,
Sauber/Alfa Romeo,2025,Additive Industries,Industrial,Additive Industries,
Sauber/Alfa Romeo,2025,Mitsubishi Electric,Industrial,Mitsubishi Electric,
Sauber/Alfa Romeo,2025,Pirelli,Automotive,Pirelli,
Sauber/Alfa Romeo,2025,Puma,Apparel,Puma,
Sauber/Alfa Romeo,2025,Sabelt,Automotive,Sabelt,
Sauber/Alfa Romeo,2025,Walter Meier,Industrial,Walter Meier,
Sauber/Alfa Romeo,2025,Web Eyewear,Fashion,Web Eyewear,
Sauber/Alfa Romeo,2025,JigSpace,Technology,JigSpace,
Sauber/Alfa Romeo,2025,Brutsch-Ruegger,Industrial,Brutsch-Ruegger,
Sauber/Alfa Romeo,2025,Riedel,Technology,Riedel,
Sauber/Alfa Romeo,2025,Stake,Gambling/Betting,Stake,
Sauber/Alfa Romeo,2025,Kick,Media,Kick,
Sauber/Alfa Romeo,2025,Agilis,Technology,Agilis,
Sauber/Alfa Romeo,2025,Cielo,Finance,Cielo,
Sauber/Alfa Romeo,2025,Mascot Workwear,Apparel,Mascot Workwear,
Sauber/Alfa Romeo,2025,SenseTime,Technology,SenseTime,
Sauber/Alfa Romeo,2025,FIX Network,Automotive,FIX Network,
Sauber/Alfa Romeo,2025,Sunoco,Energy/Oil,Sunoco,
Sauber/Alfa Romeo,2025,Extreme Networks,Technology,Extreme Networks,
Sauber/Alfa Romeo,2025,Scania,Automotive,Scania,
Sauber/Alfa Romeo,2025,Hewlett Packard Enterprise,Technology,Hewlett Packard Enterprise,
Sauber/Alfa Romeo,2025,Zero,Technology,Zero,
Sauber/Alfa Romeo,2025,Jeckerson,Fashion,Jeckerson,
Sauber/Alfa Romeo,2025,Beyond Nations,Other,Beyond Nations,
Sauber/Alfa Romeo,2025,Edelweiss,Aviation,Edelweiss,
Sauber/Alfa Romeo,2025,GF+,Industrial,GF+,
Sauber/Alfa Romeo,2025,Tucano,Consumer Electronics,Tucano,
Sauber/Alfa Romeo,2025,Catalano,Industrial,Catalano,
Sauber/Alfa Romeo,2025,Libertex,Finance,Libertex,
Sauber/Alfa Romeo,2025,CoinPayments,Crypto/Web3,CoinPayments,
Sauber/Alfa Romeo,2025,Admin By Request,Cybersecurity,Admin By Request,
Haas,2025,Haas Automation,Industrial,Haas Automation,
Haas,2025,Alpinestars,Apparel,Alpinestars,
Haas,2025,Pirelli,Automotive,Pirelli,
Haas,2025,Schuberth,Automotive,Schuberth,
Haas,2025,Taittinger,Beverages/Food,Taittinger,
Haas,2025,Tricorp Workwear,Apparel,Tricorp Workwear,
Haas,2025,MoneyGram,Finance,MoneyGram,
Haas,2025,Haas Tooling,Industrial,Haas Tooling,
Haas,2025,Travis Mathew,Apparel,Travis Mathew,
Haas,2025,Play & Go,Gaming,Play & Go,
Haas,2025,MGM Rewards,Hospitality,MGM Rewards,
Haas,2025,New Era,Apparel,New Era,
Haas,2025,Toyota Gazoo Racing,Automotive,Toyota Gazoo Racing,
Haas,2025,CommScope,Technology,CommScope,
Haas,2025,Mphasis,Technology,Mphasis,
Haas,2025,Orion180,Insurance,Orion180,
Haas,2025,Ruckus,Technology,Ruckus,
Haas,2025,UChicago Medicine,Healthcare,UChicago Medicine,
Haas,2018,Peak,Automotive,,S005
Haas,2018,BlueDEF,Automotive,,S006
