Team,Season,SponsorName,SponsorIndustry
Ferrari,2018,Shell,Energy/Oil
Ferrari,2018,Ray Ban,Fashion
Ferrari,2018,Alfa Romeo,Automotive
Ferrari,2018,Kaspersky Lab,Cybersecurity
Ferrari,2018,UPS,Logistics
Ferrari,2018,Lenovo,Technology
Ferrari,2018,Weichai,Industrial
Ferrari,2018,Hublot,Luxury Watches
Ferrari,2018,Mahle,Automotive
Ferrari,2018,OMR,Media
Ferrari,2018,AMD,Technology
Ferrari,2018,Singha,Beverages/Food
Ferrari,2018,Pirelli,Automotive
Ferrari,2018,Puma Swisse,Health/Supplements
Ferrari,2018,Experis,Staffing
Ferrari,2018,SKF,Industrial
Ferrari,2018,Magneti Marelli,Automotive
Ferrari,2018,NGK,Automotive
Ferrari,2018,Brembo,Automotive
Ferrari,2018,Riedel,Technology
Ferrari,2018,Iveco,Automotive
Ferrari,2018,Bell,Automotive
Ferrari,2018,Oz,Automotive
Ferrari,2018,Honeywell,Industrial
Ferrari,2018,Veuve Clicquot,Beverages/Food
Force India,2018,Sahara,Finance
Force India,2018,BWT,Water Technology
Force India,2018,Claro,Telecom
Force India,2018,Duo Group,Industrial
Force India,2018,Hype Energy,Beverages/Food
Force India,2018,Infinitum,Telecom
Force India,2018,Kingfisher,Beverages/Food
Force India,2018,Magnesium Mineralised Water,Beverages/Food
Force India,2018,NEC Corporation,Technology
Force India,2018,Pemex,Energy/Oil
Force India,2018,Telcel,Telecom
Force India,2018,Telmex,Telecom
Force India,2018,Vonhaucke,Industrial
Force India,2018,Adaptavist,Technology
Force India,2018,Alpinestars,Apparel
Force India,2018,Koni,Automotive
Force India,2018,Orange Bus,Technology
Force India,2018,Pirelli,Automotive
Force India,2018,Ravenol,Energy/Oil
Force India,2018,Univa,Technology
Force India,2018,3D Systems,Technology
Force India,2018,Apsley,Consumer Goods
Force India,2018,Condeco,Technology
Force India,2018,Branded Designs,Marketing
Force India,2018,Farah,Apparel
Force India,2018,Gtechniq,Automotive
Force India,2018,ITEC,Technology
Force India,2018,SAS Global,Industrial
Force India,2018,Schuberth,Automotive
Force India,2018,STL,Technology
Force India,2018,Still,Industrial
Force India,2018,The Roastery,Beverages/Food
Force India,2018,UPS Direct,Logistics
Force India,2018,Voip Unlimited,Telecom
Force India,2018,WyndyMilla,Consumer Goods
Haas,2018,Haas Automation,Industrial
Haas,2018,Alpinestars,Apparel
Haas,2018,Pirelli,Automotive
Haas,2018,Jack & Jones,Apparel
Haas,2018,Richard Mille,Luxury Watches
Haas,2018,Wind Shear,Aerospace
McLaren,2018,Dell Technologies,Technology
McLaren,2018,NTT Communications,Telecom
McLaren,2018,Petrobras,Energy/Oil
McLaren,2018,Logitech,Technology
McLaren,2018,Airgain,Technology
McLaren,2018,Pirelli,Automotive
McLaren,2018,SAP,Technology
McLaren,2018,Akebono,Automotive
McLaren,2018,Chandon,Beverages/Food
McLaren,2018,Richard Mille,Luxury Watches
McLaren,2018,Kimoa,Apparel
McLaren,2018,Hilton,Hospitality
McLaren,2018,Norton Rose Fulbright,Legal
McLaren,2018,CNBC,Media
McLaren,2018,Stratasys,Technology
McLaren,2018,Enkei,Automotive
McLaren,2018,Mazak Machine Tools,Industrial
McLaren,2018,Kenwood,Consumer Electronics
McLaren,2018,TechnoGym,Fitness
McLaren,2018,Volvo Trucks,Automotive
McLaren,2018,Sparco,Automotive
McLaren,2018,AkzoNobel-Sikkens,Industrial
McLaren,2018,LAT_56,Technology
McLaren,2018,Hookit,Technology
McLaren,2018,Calsonic Kansei,Automotive
Mercedes,2018,AMG Petronas,Energy/Oil
Mercedes,2018,UBS,Finance
Mercedes,2018,Qualcomm,Technology
Mercedes,2018,Epson,Technology
Mercedes,2018,Bose,Consumer Electronics
Mercedes,2018,Tommy Hilfiger,Fashion
Mercedes,2018,IWC Schaffhausen,Luxury Watches
Mercedes,2018,Wihuri,Industrial
Mercedes,2018,Monster Energy,Beverages/Food
Mercedes,2018,Pure Storage,Technology
Mercedes,2018,TIBCO,Technology
Mercedes,2018,Starwood,Hospitality
Mercedes,2018,Puma,Apparel
Mercedes,2018,ebmpapst,Industrial
Mercedes,2018,Tata Communications,Telecom
Mercedes,2018,NetJets,Aviation
Mercedes,2018,DB Schenker,Logistics
Mercedes,2018,Rubrik,Cybersecurity
Mercedes,2018,OMP,Automotive
Mercedes,2018,Spies Hecker,Industrial
Mercedes,2018,Assos,Apparel
Mercedes,2018,OZ Racing,Automotive
Mercedes,2018,Endless,Automotive
Mercedes,2018,Pirelli,Automotive
Red Bull Racing,2018,Aston Martin,Automotive
Red Bull Racing,2018,ExxonMobil,Energy/Oil
Red Bull Racing,2018,Tag Heuer,Luxury Watches
Red Bull Racing,2018,Puma,Apparel
Red Bull Racing,2018,Citrix,Technology
Red Bull Racing,2018,Rauch,Beverages/Food
Red Bull Racing,2018,Hisense,Consumer Electronics
Red Bull Racing,2018,AT&T,Telecom
Red Bull Racing,2018,Siemens,Industrial
Red Bull Racing,2018,IBM Spectrum,Technology
Red Bull Racing,2018,Hexagon,Technology
Red Bull Racing,2018,DMG Mori,Industrial
Red Bull Racing,2018,PWR,Automotive
Red Bull Racing,2018,Ansys,Technology
Red Bull Racing,2018,Pirelli,Automotive
Red Bull Racing,2018,Sabelt,Automotive
Red Bull Racing,2018,Flir,Technology
Red Bull Racing,2018,OZ Racing,Automotive
Red Bull Racing,2018,HPE Simplivity,Technology
Red Bull Racing,2018,Earin,Consumer Electronics
Red Bull Racing,2018,Mitie,Services
Renault Sport F1,2018,Renault,Automotive
Renault Sport F1,2018,Castrol,Energy/Oil
Renault Sport F1,2018,Infiniti,Automotive
Renault Sport F1,2018,RCI Bank and Services,Finance
Renault Sport F1,2018,Estrella Galicia,Beverages/Food
Renault Sport F1,2018,Mapfre,Insurance
Renault Sport F1,2018,Microsoft,Technology
Renault Sport F1,2018,Eurodatacar,Technology
Renault Sport F1,2018,Bell & Ross,Luxury Watches
Renault Sport F1,2018,BP Ultimate,Energy/Oil
Renault Sport F1,2018,Tmall,E-commerce
Renault Sport F1,2018,LaLiga,Sports/League
Renault Sport F1,2018,Genii,Investment
Renault Sport F1,2018,3D Systems,Technology
Renault Sport F1,2018,Alpinestars,Apparel
Renault Sport F1,2018,Athletic Propulsion Labs,Apparel
Renault Sport F1,2018,Boeing,Aerospace
Renault Sport F1,2018,Breton,Industrial
Renault Sport F1,2018,Elysium,Technology
Renault Sport F1,2018,GF Machining Solutions,Industrial
Renault Sport F1,2018,Goodwill Private Jets,Aviation
Renault Sport F1,2018,Hechter,Apparel
Renault Sport F1,2018,Ixell,Automotive
Renault Sport F1,2018,Le Coq Sportif,Apparel
Renault Sport F1,2018,Matrix,Technology
Renault Sport F1,2018,OZ,Automotive
Renault Sport F1,2018,PerkinElmer,Life Sciences
Renault Sport F1,2018,Pirelli,Automotive
Renault Sport F1,2018,Siemens,Industrial
Renault Sport F1,2018,YXLON,Industrial
Sauber,2018,Alfa Romeo,Automotive
Sauber,2018,Silanna,Technology
Sauber,2018,Carrera,Consumer Goods
Sauber,2018,Claro,Telecom
Sauber,2018,Richard Mille,Luxury Watches
Sauber,2018,Additive Industries,Industrial
Sauber,2018,Hewlett Packard Enterprises,Technology
Sauber,2018,Kappa,Apparel
Sauber,2018,Mitsubishi Electric,Industrial
Sauber,2018,OMP,Automotive
Sauber,2018,Pirelli,Automotive
Sauber,2018,Walter Meier,Industrial
Sauber,2018,Thomann Nutzfahrzeuge,Automotive
Sauber,2018,Brütsch/Rüegger,Industrial
Sauber,2018,Carbon-Connect,Industrial
Sauber,2018,Interroll,Industrial
Sauber,2018,MTO,Industrial
Sauber,2018,Riedel,Technology
Sauber,2018,Singapore Airlines,Aviation
Sauber,2018,Garage Italia,Automotive
Toro Rosso,2018,Red Bull,Beverages/Food
Toro Rosso,2018,Acronis,Cybersecurity
Toro Rosso,2018,Edifice Casio,Consumer Electronics
Toro Rosso,2018,Honda,Automotive
Toro Rosso,2018,Pirelli,Automotive
Toro Rosso,2018,Siemens,Industrial
Toro Rosso,2018,Riedel,Technology
Toro Rosso,2018,Gi Group,Staffing
Toro Rosso,2018,Hangar-7,Hospitality
Toro Rosso,2018,APP Tech,Technology
Williams,2018,Martini,Beverages/Food
Williams,2018,Rexona,Consumer Goods
Williams,2018,JCB,Industrial
Williams,2018,SMP Racing,Automotive
Williams,2018,Oris,Luxury Watches
Williams,2018,BT,Telecom
Williams,2018,Acronis,Cybersecurity
Williams,2018,Financial.org,Finance
Williams,2018,Bombardier,Aerospace
Williams,2018,Canada Life,Finance
Williams,2018,Pirelli,Automotive
Williams,2018,Symantec,Cybersecurity
Williams,2018,PPG,Industrial
Williams,2018,Alpinestars,Apparel
Alfa Romeo Racing,2019,Alfa Romeo,Automotive
Alfa Romeo Racing,2019,Adler,Industrial
Alfa Romeo Racing,2019,Carrera,Fashion
Alfa Romeo Racing,2019,Claro,Telecom
Alfa Romeo Racing,2019,Richard Mille,Luxury Watches
Alfa Romeo Racing,2019,Singha,Beverages/Food
Alfa Romeo Racing,2019,EGV,Other
Alfa Romeo Racing,2019,Globeair,Aviation
Alfa Romeo Racing,2019,HP,Technology
Alfa Romeo Racing,2019,Iveco,Automotive
Alfa Romeo Racing,2019,Mitsubishi,Industrial
Alfa Romeo Racing,2019,New Balance,Apparel
Alfa Romeo Racing,2019,Pirelli,Automotive
Alfa Romeo Racing,2019,Save the Children,Nonprofit
Alfa Romeo Racing,2019,Sparco,Automotive
Alfa Romeo Racing,2019,Walter Meier,Industrial
Alfa Romeo Racing,2019,3D Systems,Technology
Alfa Romeo Racing,2019,Brutsch-Ruegger,Industrial
Alfa Romeo Racing,2019,Carbon Connect,Industrial
Alfa Romeo Racing,2019,Interroll,Industrial
Alfa Romeo Racing,2019,Riedel,Technology
Alfa Romeo Racing,2019,Singapore Airlines,Aviation
Ferrari,2019,Phillip Morris International,Tobacco
Ferrari,2019,Shell,Energy/Oil
Ferrari,2019,Ray-Ban,Fashion
Ferrari,2019,Kaspersky,Cybersecurity
Ferrari,2019,UPS,Logistics
Ferrari,2019,Lenovo,Technology
Ferrari,2019,Weichei,Other
Ferrari,2019,Hublot,Luxury Watches
Ferrari,2019,MAHLE,Automotive
Ferrari,2019,OMR,Automotive
Ferrari,2019,AMD,Technology
Ferrari,2019,Pirelli,Automotive
Ferrari,2019,Puma,Apparel
Ferrari,2019,Eightcap,Finance
Ferrari,2019,Laszmoe,Other
Ferrari,2019,Infor,Technology
Ferrari,2019,Experis,Staffing
Ferrari,2019,SKF,Industrial
Ferrari,2019,Magneti-Marelli,Automotive
Ferrari,2019,NGK,Automotive
Ferrari,2019,Brembo,Automotive
Ferrari,2019,Riedel,Technology
Ferrari,2019,VistaJet,Aviation
Ferrari,2019,Iveco,Automotive
Haas,2019,Rich Energy,Beverages/Food
Haas,2019,Jack & Jones,Fashion
Haas,2019,Peak,Apparel
Haas,2019,Blue Def,Automotive
Haas,2019,Branded London,Other
Haas,2019,Richard Mille,Luxury Watches
Haas,2019,Alpinestars,Apparel
Haas,2019,Pirelli,Automotive
McLaren,2019,Dell,Technology
McLaren,2019,Petrobas,Energy/Oil
McLaren,2019,Logitech,Technology
McLaren,2019,British American Tobacco,Tobacco
McLaren,2019,Vive,Technology
McLaren,2019,Estrella Galicia,Beverages/Food
McLaren,2019,Hilton,Hospitality
McLaren,2019,FxPro,Finance
McLaren,2019,CNBC,Media
McLaren,2019,SAP,Technology
McLaren,2019,KAUST,Education
McLaren,2019,Huski Chocolate,Beverages/Food
McLaren,2019,Richard Mille,Luxury Watches
McLaren,2019,Sparco,Automotive
McLaren,2019,Volvo,Automotive
McLaren,2019,Sikkens,Industrial
McLaren,2019,Enkei,Automotive
McLaren,2019,Mazak,Industrial
McLaren,2019,Calsonic Kansei,Automotive
McLaren,2019,Technogym,Fitness
McLaren,2019,Hookit,Technology
McLaren,2019,Kenwood,Consumer Electronics
McLaren,2019,Stratasys,Technology
McLaren,2019,Pirelli,Automotive
McLaren,2019,IT Lab,Technology
Mercedes,2019,Petronas,Energy/Oil
Mercedes,2019,UBS,Finance
Mercedes,2019,Qualcomm,Technology
Mercedes,2019,Epson,Technology
Mercedes,2019,Bose,Consumer Electronics
Mercedes,2019,Tommy Hilfiger,Fashion
Mercedes,2019,IWC Schaffhausen,Luxury Watches
Mercedes,2019,Hewlett Packard Enterprise,Technology
Mercedes,2019,Marriott Bonvoy,Hospitality
Mercedes,2019,Monster Energy,Beverages/Food
Mercedes,2019,Pure Storage,Technology
Mercedes,2019,CrowdStrike,Cybersecurity
Mercedes,2019,Tibco,Technology
Mercedes,2019,Puma,Apparel
Mercedes,2019,Ebmpapst,Industrial
Mercedes,2019,Tata Communications,Telecom
Mercedes,2019,Konecranes,Industrial
Mercedes,2019,OMP,Automotive
Mercedes,2019,Axalta,Industrial
Mercedes,2019,Assos,Apparel
Mercedes,2019,Oz Racing,Automotive
Mercedes,2019,Endless,Automotive
Mercedes,2019,Pirelli,Automotive
Mercedes,2019,Seedlip,Beverages/Food
Racing Point,2019,SportsPesa,Gambling/Betting
Racing Point,2019,BWT,Water Technology
Racing Point,2019,Bombardier,Aerospace
Racing Point,2019,Breast Cancer Care,Nonprofit
Racing Point,2019,Canada Life,Insurance
Racing Point,2019,Claro,Telecom
Racing Point,2019,Infinitum,Industrial
Racing Point,2019,JCB,Industrial
Racing Point,2019,NEC,Technology
Racing Point,2019,Telcel,Telecom
Racing Point,2019,Acronis,Technology
Racing Point,2019,Orangebus,Technology
Racing Point,2019,Pirelli,Automotive
Racing Point,2019,Ravenol,Automotive
Racing Point,2019,Univa,Technology
Racing Point,2019,3D Systems,Technology
Racing Point,2019,Condeco,Technology
Racing Point,2019,Gtechniq,Automotive
Racing Point,2019,Hackett,Fashion
Racing Point,2019,ITEC,Industrial
Racing Point,2019,RNT,Other
Racing Point,2019,SAS,Technology
Racing Point,2019,Schuberth,Automotive
Racing Point,2019,STL,Other
Racing Point,2019,UPS Direct,Power/UPS
Racing Point,2019,Voip Unlimited,Telecom
Red Bull Racing,2019,Aston Martin,Automotive
Red Bull Racing,2019,Rauch,Beverages/Food
Red Bull Racing,2019,Honda,Automotive
Red Bull Racing,2019,Mobil1,Energy/Oil
Red Bull Racing,2019,Esso,Energy/Oil
Red Bull Racing,2019,Tag Heuer,Luxury Watches
Red Bull Racing,2019,Citrix,Technology
Red Bull Racing,2019,Siemens,Industrial
Red Bull Racing,2019,HP,Technology
Red Bull Racing,2019,AT&T,Telecom
Red Bull Racing,2019,IBM,Technology
Red Bull Racing,2019,W66.com,Gambling/Betting
Red Bull Racing,2019,Puma,Apparel
Red Bull Racing,2019,Dita Eyewear,Fashion
Red Bull Racing,2019,Pirelli,Automotive
Renault,2019,Castrol,Energy/Oil
Renault,2019,Infiniti,Automotive
Renault,2019,RCI,Finance
Renault,2019,Mapfre,Insurance
Renault,2019,BP Ultimate,Energy/Oil
Renault,2019,Euro DataCar,Technology
Renault,2019,Bell & Ross,Luxury Watches
Renault,2019,Tmall,Ecommerce
Renault,2019,Genii,Investment
Renault,2019,3D Systems,Technology
Renault,2019,Boeing,Aerospace
Renault,2019,Breton,Industrial
Renault,2019,Elysium,Other
Renault,2019,GF+,Industrial
Renault,2019,Siemens,Industrial
Renault,2019,Alpinestars,Apparel
Renault,2019,Pirelli,Automotive
Renault,2019,Le Coq Sportif,Apparel
Renault,2019,Oz Racing,Automotive
Renault,2019,Renault Pro+,Automotive
Toro Rosso,2019,Red Bull,Beverages/Food
Toro Rosso,2019,Honda,Automotive
Toro Rosso,2019,MyWorld,Other
Toro Rosso,2019,Pirelli,Automotive
Toro Rosso,2019,Siemens,Industrial
Toro Rosso,2019,Randstad,Staffing
Toro Rosso,2019,Red Bull Mobile,Telecom
Toro Rosso,2019,Riedel,Technology
Toro Rosso,2019,Edifice Casio,Luxury Watches
Williams,2019,Rokit,Technology
Williams,2019,Rexona,Consumer Goods
Williams,2019,Orlen,Energy/Oil
Williams,2019,Acronis,Technology
Williams,2019,Omnitude,Technology
Williams,2019,Sofina,Investment
Williams,2019,Netjets,Aviation
Williams,2019,Symantec,Cybersecurity
Williams,2019,Tata Communications,Telecom
Williams,2019,Thales,Technology
Williams,2019,Dtex,Cybersecurity
Williams,2019,Michael Caines,Hospitality
Williams,2019,Geospatial Insight,Technology
Williams,2019,Alpinestars,Apparel
Williams,2019,Cybex,Consumer Goods
Williams,2019,Pirelli,Automotive
Mercedes,2020,Petronas,Energy/Oil
Mercedes,2020,INEOS,Chemicals
Mercedes,2020,UBS,Finance
Mercedes,2020,Epson,Technology
Mercedes,2020,Bose,Consumer Electronics
Mercedes,2020,Tommy Hilfiger,Fashion
Mercedes,2020,IWC,Luxury Watches
Mercedes,2020,Hewlett Packard,Technology
Mercedes,2020,The Ritz-Carlton,Hospitality
Mercedes,2020,Monster Energy,Beverages/Food
Mercedes,2020,Pure Storage,Technology
Mercedes,2020,CrowdStrike,Cybersecurity
Mercedes,2020,TIBCO,Technology
Mercedes,2020,AMD,Technology
Mercedes,2020,Puma,Apparel
Mercedes,2020,Police,Fashion
Mercedes,2020,OMP,Automotive
Mercedes,2020,OZ Racing,Automotive
Mercedes,2020,Endless,Automotive
Mercedes,2020,Stilo,Automotive
Mercedes,2020,Seedlip,Beverages/Food
Mercedes,2020,Pirelli,Automotive
Ferrari,2020,Philip Morris International,Tobacco
Ferrari,2020,Shell,Energy/Oil
Ferrari,2020,Ray Ban,Fashion
Ferrari,2020,Kapersky,Cybersecurity
Ferrari,2020,UPS,Logistics
Ferrari,2020,Hublot,Luxury Watches
Ferrari,2020,Mahle,Automotive
Ferrari,2020,OMR,Media
Ferrari,2020,Puma,Apparel
Ferrari,2020,Eightcap,Finance
Ferrari,2020,Infor,Technology
Ferrari,2020,SKF,Industrial
Ferrari,2020,Marelli,Automotive
Ferrari,2020,NGK,Automotive
Ferrari,2020,VistaJet,Aviation
Ferrari,2020,Brembo,Automotive
Ferrari,2020,Experis,Staffing
Ferrari,2020,Riedel,Technology
Ferrari,2020,Iveco,Automotive
Ferrari,2020,OZ racing,Automotive
Ferrari,2020,Sabelt,Automotive
Ferrari,2020,Bell,Automotive
Ferrari,2020,Palantir,Technology
Ferrari,2020,Alfa Romeo,Automotive
Ferrari,2020,Garrett,Automotive
Ferrari,2020,Technogym,Fitness
Ferrari,2020,Pirelli,Automotive
Red Bull Racing,2020,Rauch,Beverages/Food
Red Bull Racing,2020,Honda,Automotive
Red Bull Racing,2020,Mobil 1 Esso,Energy/Oil
Red Bull Racing,2020,Aston Martin,Automotive
Red Bull Racing,2020,Puma,Apparel
Red Bull Racing,2020,Tag Heuer,Luxury Watches
Red Bull Racing,2020,Citrix,Technology
Red Bull Racing,2020,Piquadro,Fashion
Red Bull Racing,2020,Siemens,Industrial
Red Bull Racing,2020,AT&T,Telecom
Red Bull Racing,2020,Hewlett Packard,Technology
Red Bull Racing,2020,Iris,Technology
Red Bull Racing,2020,AlphaTauri,Apparel
Red Bull Racing,2020,IBM,Technology
Red Bull Racing,2020,Dita,Fashion
Red Bull Racing,2020,W66.com,Gambling/Betting
Red Bull Racing,2020,PayVoo,Payments
Red Bull Racing,2020,myWorld,Finance
Red Bull Racing,2020,Hexagon,Technology
Red Bull Racing,2020,DMG Mori,Industrial
Red Bull Racing,2020,PWR,Automotive
Red Bull Racing,2020,Snowflake,Technology
Red Bull Racing,2020,Ansys,Technology
Red Bull Racing,2020,Sabelt,Automotive
Red Bull Racing,2020,OZ,Automotive
Red Bull Racing,2020,Mitie,Services
Red Bull Racing,2020,kx technology,Technology
Red Bull Racing,2020,GoldStandard,Finance
Red Bull Racing,2020,Pirelli,Automotive
McLaren,2020,British-American Tobacco,Tobacco
McLaren,2020,Splunk,Technology
McLaren,2020,DarkTrace,Cybersecurity
McLaren,2020,Dell,Technology
McLaren,2020,Huski Chocolate,Beverages/Food
McLaren,2020,Gulf,Energy/Oil
McLaren,2020,Arrow,Technology
McLaren,2020,Estrella Galicia,Beverages/Food
McLaren,2020,Automation Anywhere,Technology
McLaren,2020,Richard Mille,Luxury Watches
McLaren,2020,Hilton,Hospitality
McLaren,2020,Coca Cola,Beverages/Food
McLaren,2020,Unilever,Consumer Goods
McLaren,2020,FxPro,Finance
McLaren,2020,Deloitte,Professional Services
McLaren,2020,TUMI,Fashion
McLaren,2020,Iqoniq,Apparel
McLaren,2020,Mind,Technology
McLaren,2020,CNBC,Media
McLaren,2020,Oneplus,Technology
McLaren,2020,Mindmaze,Technology
McLaren,2020,Klipsch,Consumer Electronics
McLaren,2020,Akebono,Automotive
McLaren,2020,Sparco,Automotive
McLaren,2020,Volvo trucks,Automotive
McLaren,2020,Sikkens,Industrial
McLaren,2020,Enkei,Automotive
McLaren,2020,Mazak,Industrial
McLaren,2020,Marelli,Automotive
McLaren,2020,Technogym,Fitness
McLaren,2020,Ashurst,Legal
McLaren,2020,Stratasys,Technology
McLaren,2020,Kaust,Education
McLaren,2020,Hookit,Technology
McLaren,2020,wipro,Technology
McLaren,2020,Alienware,Technology
McLaren,2020,Veloce Esports,Esports
McLaren,2020,Ultimotive,Automotive
McLaren,2020,NEW ERA,Apparel
McLaren,2020,FAI Aviation Group,Aviation
McLaren,2020,Pirelli,Automotive
Renault,2020,DP World,Logistics
Renault,2020,Castrol,Energy/Oil
Renault,2020,Infiniti,Automotive
Renault,2020,RCi,Finance
Renault,2020,MAPFRE,Insurance
Renault,2020,BP Ultimate,Energy/Oil
Renault,2020,Dupont,Chemicals
Renault,2020,Microsoft,Technology
Renault,2020,Bell & Ross,Luxury Watches
Renault,2020,TMALL,E-commerce
Renault,2020,Eurodatacar,Technology
Renault,2020,Genii Capital,Investment
Renault,2020,Le coq sportif,Apparel
Renault,2020,3D systems,Technology
Renault,2020,Alpinestars,Apparel
Renault,2020,Boeing,Aerospace
Renault,2020,Breton,Industrial
Renault,2020,Cannondale,Consumer Goods
Renault,2020,Elysium,Technology
Renault,2020,GF Machining solutions,Industrial
Renault,2020,Hechter,Apparel
Renault,2020,Hexis,Industrial
Renault,2020,HP,Technology
Renault,2020,ixell,Automotive
Renault,2020,Jabil,Technology
Renault,2020,Matrix,Technology
Renault,2020,OZ Racing,Automotive
Renault,2020,PerkinElmer,Life Sciences
Renault,2020,Siemens,Industrial
Renault,2020,Verizon Media,Media
Renault,2020,Volume Graphics,Technology
Renault,2020,Yxlon,Industrial
Renault,2020,Pirelli,Automotive
Alpha Tauri,2020,myWorld,Finance
Alpha Tauri,2020,MOOSE,Consumer Goods
Alpha Tauri,2020,AlphaTauri,Apparel
Alpha Tauri,2020,Red Bull,Beverages/Food
Alpha Tauri,2020,Honda,Automotive
Alpha Tauri,2020,Edifice Casio,Consumer Electronics
Alpha Tauri,2020,Randstad,Staffing
Alpha Tauri,2020,RDS,Technology
Alpha Tauri,2020,Riedel,Technology
Alpha Tauri,2020,Siemens,Industrial
Alpha Tauri,2020,Red Bull Mobile,Telecom
Alpha Tauri,2020,Hangar 7,Hospitality
Alpha Tauri,2020,Pirelli,Automotive
Alfa Romeo Racing,2020,Alfa Romeo,Automotive
Alfa Romeo Racing,2020,PKN ORLEN,Energy/Oil
Alfa Romeo Racing,2020,Adler Pelzer Group,Industrial
Alfa Romeo Racing,2020,Carrera,Consumer Goods
Alfa Romeo Racing,2020,Claro,Telecom
Alfa Romeo Racing,2020,Richard Mille,Luxury Watches
Alfa Romeo Racing,2020,Acer,Technology
Alfa Romeo Racing,2020,Built for Athletes,Apparel
Alfa Romeo Racing,2020,Singha,Beverages/Food
Alfa Romeo Racing,2020,Additive industries,Industrial
Alfa Romeo Racing,2020,EGV1,Technology
Alfa Romeo Racing,2020,GlobeAir,Aviation
Alfa Romeo Racing,2020,Hewlett Packard,Technology
Alfa Romeo Racing,2020,Iveco,Automotive
Alfa Romeo Racing,2020,Marelli,Automotive
Alfa Romeo Racing,2020,Mitsubishi Electric,Industrial
Alfa Romeo Racing,2020,Save the Children,Nonprofit
Alfa Romeo Racing,2020,Sparco,Automotive
Alfa Romeo Racing,2020,Walter Meier,Industrial
Alfa Romeo Racing,2020,3D Systems,Technology
Alfa Romeo Racing,2020,AB Dynamic,Technology
Alfa Romeo Racing,2020,Brutsch-Ruegger,Industrial
Alfa Romeo Racing,2020,Carbon Connect,Industrial
Alfa Romeo Racing,2020,Interoll,Industrial
Alfa Romeo Racing,2020,Quintus,Industrial
Alfa Romeo Racing,2020,Riedel,Technology
Alfa Romeo Racing,2020,Singapore Airlines,Aviation
Alfa Romeo Racing,2020,Pirelli,Automotive
Racing Point,2020,Bombardier,Aerospace
Racing Point,2020,Breast Cancer Care,Nonprofit
Racing Point,2020,BWT,Water Technology
Racing Point,2020,Canadalife,Finance
Racing Point,2020,Claro,Telecom
Racing Point,2020,Infinitum,Telecom
Racing Point,2020,JCB,Industrial
Racing Point,2020,Magnesium,Beverages/Food
Racing Point,2020,NEC,Technology
Racing Point,2020,SpScore.com,Technology
Racing Point,2020,Sport Pesa,Gambling/Betting
Racing Point,2020,Telcel,Telecom
Racing Point,2020,Telmex,Telecom
Racing Point,2020,Acronis,Cybersecurity
Racing Point,2020,Adaptavist,Technology
Racing Point,2020,Alpinestars,Apparel
Racing Point,2020,IFS,Technology
Racing Point,2020,OrangeBus,Technology
Racing Point,2020,Ravenol,Energy/Oil
Racing Point,2020,Univa,Technology
Racing Point,2020,3D Systems,Technology
Racing Point,2020,Condeco,Technology
Racing Point,2020,EBB3,Technology
Racing Point,2020,GTECHNIQ,Automotive
Racing Point,2020,Hackett,Apparel
Racing Point,2020,Macauley,Consumer Goods
Racing Point,2020,RNT Rausch,Industrial
Racing Point,2020,SAS,Industrial
Racing Point,2020,Schuberth,Automotive
Racing Point,2020,STL,Technology
Racing Point,2020,UPS Direct,Logistics
Racing Point,2020,Voip Unlimited,Telecom
Racing Point,2020,Pirelli,Automotive
Haas,2020,Haas Automation,Industrial
Haas,2020,Jack & Jones,Apparel
Haas,2020,Peak,Apparel
Haas,2020,Blue,Automotive
Haas,2020,DEF,Automotive
Haas,2020,Stichd,Apparel
Haas,2020,Alpinestars,Apparel
Haas,2020,Richard Mille,Luxury Watches
Haas,2020,Nominet Cyber,Cybersecurity
Haas,2020,MindMaze,Technology
Haas,2020,Windshear,Aerospace
Haas,2020,Pirelli,Automotive
Williams,2020,Acronis,Cybersecurity
Williams,2020,Sofina,Investment
Williams,2020,Lavazza,Beverages/Food
Williams,2020,RBC,Finance
Williams,2020,NetJets,Aviation
Williams,2020,Versa,Technology
Williams,2020,Symantec,Cybersecurity
Williams,2020,Iqoniq,Apparel
Williams,2020,Umbro,Apparel
Williams,2020,Financial Times,Media
Williams,2020,Ponos,Technology
Williams,2020,Alpinestars,Apparel
Williams,2020,APL,Apparel
Williams,2020,PPG,Industrial
Williams,2020,DTEX,Cybersecurity
Williams,2020,Thales,Aerospace
Williams,2020,Precision Hydration,Beverages/Food
Williams,2020,Crew Clothing,Apparel
Williams,2020,U Earth,Consumer Goods
Williams,2020,Michael Caines,Hospitality
Williams,2020,Life Fitness,Fitness
Williams,2020,Pirelli,Automotive
Mercedes,2021,Petronas,Energy/Oil
Mercedes,2021,INEOS,Chemicals
Mercedes,2021,UBS,Finance
Mercedes,2021,Epson,Technology
Mercedes,2021,Bose,Consumer Electronics
Mercedes,2021,Tommy Hilfiger,Fashion
Mercedes,2021,IWC,Luxury Watches
Mercedes,2021,Hewlett Packard,Technology
Mercedes,2021,The Ritz-Carlton,Hospitality
Mercedes,2021,Monster Energy,Beverages/Food
Mercedes,2021,Pure Storage,Technology
Mercedes,2021,CrowdStrike,Cybersecurity
Mercedes,2021,TIBCO,Technology
Mercedes,2021,AMD,Technology
Mercedes,2021,Puma,Apparel
Mercedes,2021,Police,Fashion
Mercedes,2021,OZ Racing,Automotive
Mercedes,2021,Endless,Automotive
Mercedes,2021,Axalta,Industrial
Mercedes,2021,Belstaff,Fashion
Mercedes,2021,Marriott Bonvoy,Hospitality
Mercedes,2021,TeamViewer,Technology
Mercedes,2021,Pirelli,Automotive
Red Bull Racing,2021,Rauch,Beverages/Food
Red Bull Racing,2021,Honda,Automotive
Red Bull Racing,2021,Mobil 1 Esso,Energy/Oil
Red Bull Racing,2021,Puma,Apparel
Red Bull Racing,2021,Tag Heuer,Luxury Watches
Red Bull Racing,2021,Citrix,Technology
Red Bull Racing,2021,Siemens,Industrial
Red Bull Racing,2021,AT&T,Telecom
Red Bull Racing,2021,Inter,Finance
Red Bull Racing,2021,Hewlett Packard,Technology
Red Bull Racing,2021,Telcel,Telecom
Red Bull Racing,2021,Iris,Technology
Red Bull Racing,2021,AlphaTauri,Apparel
Red Bull Racing,2021,Hexagon,Technology
Red Bull Racing,2021,DMG Mori,Industrial
Red Bull Racing,2021,Ansys,Technology
Red Bull Racing,2021,Sabelt,Automotive
Red Bull Racing,2021,OZ Racing,Automotive
Red Bull Racing,2021,PWR,Automotive
Red Bull Racing,2021,Gold Standard,Finance
Red Bull Racing,2021,PRECOR,Fitness
Red Bull Racing,2021,Oura,Technology
Red Bull Racing,2021,Claro,Telecom
Red Bull Racing,2021,America Movil,Telecom
Red Bull Racing,2021,Therabody,Fitness
Red Bull Racing,2021,Oracle,Technology
Red Bull Racing,2021,Walmart,Retail
Red Bull Racing,2021,Pirelli,Automotive
McLaren,2021,British-American Tobacco,Tobacco
McLaren,2021,Splunk,Technology
McLaren,2021,DarkTrace,Cybersecurity
McLaren,2021,Dell,Technology
McLaren,2021,Huski Chocolate,Beverages/Food
McLaren,2021,Gulf,Energy/Oil
McLaren,2021,Arrow,Technology
McLaren,2021,Richard Mille,Luxury Watches
McLaren,2021,Hilton,Hospitality
McLaren,2021,Coca Cola,Beverages/Food
McLaren,2021,Unilever,Consumer Goods
McLaren,2021,FxPro,Finance
McLaren,2021,Deloitte,Professional Services
McLaren,2021,TUMI,Fashion
McLaren,2021,Iqoniq,Apparel
McLaren,2021,Mind,Technology
McLaren,2021,CNBC,Media
McLaren,2021,Klipsch,Consumer Electronics
McLaren,2021,Sparco,Automotive
McLaren,2021,Volvo trucks,Automotive
McLaren,2021,Enkei,Automotive
McLaren,2021,Mazak,Industrial
McLaren,2021,Marelli,Automotive
McLaren,2021,Ashurst,Legal
McLaren,2021,Stratasys,Technology
McLaren,2021,Kaust,Education
McLaren,2021,Hookit,Technology
McLaren,2021,Alienware,Technology
McLaren,2021,Veloce Esports,Esports
McLaren,2021,Ultimotive,Automotive
McLaren,2021,NEW ERA,Apparel
McLaren,2021,FAI Aviation Group,Aviation
McLaren,2021,Buzz & Co,Marketing
McLaren,2021,Cisco Webex,Technology
McLaren,2021,Miory Steel,Industrial
McLaren,2021,Garena,Technology
McLaren,2021,AkzoNobel-Sikkens,Industrial
McLaren,2021,Logitech G,Technology
McLaren,2021,QNTMPAY,Finance
McLaren,2021,Bitci.com,Cryptocurrency
McLaren,2021,Pirelli,Automotive
Aston Martin,2021,Cognizant,Technology
Aston Martin,2021,Crypto.com,Cryptocurrency
Aston Martin,2021,NetApp,Technology
Aston Martin,2021,SentinelOne,Cybersecurity
Aston Martin,2021,Bombardier,Aerospace
Aston Martin,2021,Girard-Perregaux,Luxury Watches
Aston Martin,2021,Peroni,Beverages/Food
Aston Martin,2021,BWT,Water Technology
Aston Martin,2021,REPLAY,Fashion
Aston Martin,2021,Ravenol,Energy/Oil
Aston Martin,2021,EPOS,Consumer Electronics
Aston Martin,2021,JCB,Industrial
Aston Martin,2021,EBB3,Technology
Aston Martin,2021,UPS Direct,Logistics
Aston Martin,2021,STL,Technology
Aston Martin,2021,Pelmark,Technology
Aston Martin,2021,Voip Unlimited,Telecom
Aston Martin,2021,Condeco,Technology
Aston Martin,2021,IFS,Technology
Aston Martin,2021,Schuberth,Automotive
Aston Martin,2021,Hackett London,Fashion
Aston Martin,2021,AlpineStars,Apparel
Aston Martin,2021,Oakley,Fashion
Aston Martin,2021,Pirelli,Automotive
Alpine,2021,Castrol,Energy/Oil
Alpine,2021,RCi,Finance
Alpine,2021,MAPFRE,Insurance
Alpine,2021,bp Ultimate,Energy/Oil
Alpine,2021,Dupont,Chemicals
Alpine,2021,Microsoft,Technology
Alpine,2021,Bell & Ross,Luxury Watches
Alpine,2021,Eurodatacar,Technology
Alpine,2021,Pirelli,Automotive
Alpine,2021,GENII,Investment
Alpine,2021,Renault E-Tech,Automotive
Alpine,2021,Yahoo!,Media
Alpine,2021,3D Systems,Technology
Alpine,2021,Hewlett-Packard,Technology
Alpine,2021,PerkinElmer,Life Sciences
Alpine,2021,Le coq Sportif,Apparel
Alpine,2021,GF Matching Solutions,Industrial
Alpine,2021,Siemens,Industrial
Alpine,2021,Alpinestars,Apparel
Alpine,2021,Boeing,Aerospace
Alpine,2021,Elysium,Technology
Alpine,2021,GCAPS,Technology
Alpine,2021,Hexis,Industrial
Alpine,2021,Jabil,Technology
Alpine,2021,Linde,Industrial
Alpine,2021,MATRIX,Technology
Alpine,2021,Roland,Technology
Alpine,2021,Trak Racer,Consumer Goods
Alpine,2021,Volume Graphics,Technology
AlphaTauri,2021,myWorld,Finance
AlphaTauri,2021,Edifice Casio,Consumer Electronics
AlphaTauri,2021,AlphaTauri,Apparel
AlphaTauri,2021,Honda,Automotive
AlphaTauri,2021,Randstad,Staffing
AlphaTauri,2021,Pirelli,Automotive
AlphaTauri,2021,RDS,Technology
AlphaTauri,2021,Riedel,Technology
AlphaTauri,2021,Siemens,Industrial
AlphaTauri,2021,DAZN,Media
Ferrari,2021,Mission Winnow,Tobacco
Ferrari,2021,Ray-Ban,Fashion
Ferrari,2021,Richard Mille,Luxury Watches
Ferrari,2021,Kaspersky,Cybersecurity
Ferrari,2021,UPS,Logistics
Ferrari,2021,Weichai,Industrial
Ferrari,2021,Estrella Galicia,Beverages/Food
Ferrari,2021,OMR,Media
Ferrari,2021,MAHLE,Automotive
Ferrari,2021,Pirelli,Automotive
Ferrari,2021,Puma,Apparel
Ferrari,2021,Radiobook,Media
Ferrari,2021,SKF,Industrial
Ferrari,2021,Vistajet,Aviation
Ferrari,2021,Marelli,Automotive
Ferrari,2021,NGK Spark Plugs,Automotive
Ferrari,2021,Brembo,Automotive
Ferrari,2021,Experis,Staffing
Ferrari,2021,Riedel,Technology
Ferrari,2021,Iveco,Automotive
Ferrari,2021,Palantir,Technology
Ferrari,2021,Bell,Automotive
Ferrari,2021,Technogym,Fitness
Ferrari,2021,Alfa Romeo,Automotive
Ferrari,2021,Garrett,Automotive
Ferrari,2021,Shell,Energy/Oil
Ferrari,2021,Giorgio Armani,Fashion
Ferrari,2021,Sabelt,Automotive
Alfa Romeo Racing,2021,Alfa Romeo,Automotive
Alfa Romeo Racing,2021,PKN Orlen,Energy/Oil
Alfa Romeo Racing,2021,Adler Pelzer Group,Industrial
Alfa Romeo Racing,2021,Acer,Technology
Alfa Romeo Racing,2021,Built for Athletes,Apparel
Alfa Romeo Racing,2021,Carrera,Consumer Goods
Alfa Romeo Racing,2021,Singha,Beverages/Food
Alfa Romeo Racing,2021,Additive Industries,Industrial
Alfa Romeo Racing,2021,IQONIQ,Apparel
Alfa Romeo Racing,2021,Iveco,Automotive
Alfa Romeo Racing,2021,Livinguard,Health
Alfa Romeo Racing,2021,Marelli,Automotive
Alfa Romeo Racing,2021,Mitsubishi Electric,Industrial
Alfa Romeo Racing,2021,Pirelli,Automotive
Alfa Romeo Racing,2021,Save the Children,Nonprofit
Alfa Romeo Racing,2021,Sparco,Automotive
Alfa Romeo Racing,2021,Walter Meier,Industrial
Alfa Romeo Racing,2021,Zadara,Technology
Alfa Romeo Racing,2021,AB Dynamics,Technology
Alfa Romeo Racing,2021,Brutsch-Ruegger,Industrial
Alfa Romeo Racing,2021,Riedel,Technology
Haas,2021,Uralkali,Chemicals
Haas,2021,1&1,Telecom
Haas,2021,Alpinestars,Apparel
Haas,2021,Pirelli,Automotive
Haas,2021,Schuberth,Automotive
Haas,2021,Stichd,Apparel
Haas,2021,Haas Automation,Industrial
Haas,2021,Ionos,Technology
Haas,2021,Under Armour,Apparel
Williams,2021,Sofina,Investment
Williams,2021,Lavazza,Beverages/Food
Williams,2021,Acronis,Cybersecurity
Williams,2021,Versa,Technology
Williams,2021,Financial Times,Media
Williams,2021,PONOS,Technology
Williams,2021,Symantec,Cybersecurity
Williams,2021,IQONIQ,Apparel
Williams,2021,Pirelli,Automotive
Williams,2021,Umbro,Apparel
Williams,2021,PPG,Industrial
Williams,2021,Thales,Aerospace
Williams,2021,Precision Hydration,Beverages/Food
Williams,2021,Crew Clothing,Apparel
Williams,2021,U-Earth,Consumer Goods
Williams,2021,Life Fitness,Fitness
Williams,2021,Spinal Injuries Association (sia),Nonprofit
Williams,2021,Honibe,Consumer Goods
Williams,2021,Bremont,Luxury Watches
Williams,2021,Zeiss,Technology
Williams,2021,KX,Technology
Williams,2021,DTEX,Cybersecurity
Williams,2021,B&R,Technology
Williams,2021,Nexa 3D,Technology
Williams,2021,OMP,Automotive
Alfa Romeo,2022,PKN Orlen,Energy/Oil
Alfa Romeo,2022,Adler,Industrial
Alfa Romeo,2022,Acer,Technology
Alfa Romeo,2022,Accelleron,Industrial
Alfa Romeo,2022,AMX,Technology
Alfa Romeo,2022,Camozzi,Industrial
Alfa Romeo,2022,Code Zero,Apparel
Alfa Romeo,2022,Delsey,Travel/Luggage
Alfa Romeo,2022,DRF Bets,Gambling/Betting
Alfa Romeo,2022,Singha,Beverages/Food
Alfa Romeo,2022,Additive Industries,Industrial
Alfa Romeo,2022,Ferrari Trento,Beverages/Food
Alfa Romeo,2022,Floki,Crypto/Web3
Alfa Romeo,2022,Globeair,Aviation
Alfa Romeo,2022,Hyland,Technology
Alfa Romeo,2022,Iveco,Automotive
Alfa Romeo,2022,Marelli,Automotive
Alfa Romeo,2022,Mitsubishi Electric,Industrial
Alfa Romeo,2022,Modere,Consumer Goods
Alfa Romeo,2022,Pirelli,Automotive
Alfa Romeo,2022,Puma,Apparel
Alfa Romeo,2022,Rebellion,Luxury Watches
Alfa Romeo,2022,Sabelt,Automotive
Alfa Romeo,2022,Save the Children,Nonprofit
Alfa Romeo,2022,Socios,Crypto/Web3
Alfa Romeo,2022,Walter Meier,Industrial
Alfa Romeo,2022,Web Eyewear,Fashion
Alfa Romeo,2022,Zadara,Technology
Alfa Romeo,2022,ZCG,Finance
Alpine,2022,BWT,Water Technology
Alpine,2022,Castrol,Energy/Oil
Alpine,2022,British Petroleum,Energy/Oil
Alpine,2022,RCI Bank and Services,Finance
Alpine,2022,Mapfre,Insurance
Alpine,2022,Renault E-Tech,Automotive
Alpine,2022,Microsoft,Technology
Alpine,2022,Mandiant,Cybersecurity
Alpine,2022,Binance,Crypto/Web3
Alpine,2022,Dupont,Chemicals
Alpine,2022,Plug Power,Energy
Alpine,2022,Delphi Technologies,Automotive
Alpine,2022,Data.ai,Technology
Alpine,2022,Bell and Ross,Luxury Watches
Alpine,2022,Kappa,Apparel
Alpine,2022,Sprinklr,Technology
Alpine,2022,Boeing,Aerospace
Alpine,2022,Genii,Investment
Alpine,2022,Eurodatacar,Technology
Alpine,2022,Perkin Elmer,Life Sciences
Alpine,2022,Shamir,Consumer Goods
Alpine,2022,Siemens,Industrial
Alpine,2022,Yahoo,Media
Alpine,2022,3D Systems,Technology
Alpine,2022,AlpineStars,Apparel
Alpine,2022,Alpine Eyewear,Fashion
Alpine,2022,Elysium,Technology
Alpine,2022,GCaps,Technology
Alpine,2022,Hexis,Industrial
Alpine,2022,KX,Technology
Alpine,2022,K-Way,Apparel
Alpine,2022,Linde,Industrial
Alpine,2022,Matrix,Technology
Alpine,2022,Roland,Technology
Alpine,2022,Trak Racer,Consumer Goods
Alpine,2022,Volume Graphics,Technology
AlphaTauri,2022,Alpha Tauri,Apparel
AlphaTauri,2022,Honda,Automotive
AlphaTauri,2022,Fantom,Crypto/Web3
AlphaTauri,2022,Epicor,Technology
AlphaTauri,2022,Randstad,Staffing
AlphaTauri,2022,ICM.com,Finance
AlphaTauri,2022,FlexBox,Technology
AlphaTauri,2022,Pirelli,Automotive
AlphaTauri,2022,DAZN,Media
AlphaTauri,2022,Ravenol,Energy/Oil
AlphaTauri,2022,Riedel,Technology
AlphaTauri,2022,Siemens,Industrial
Aston Martin,2022,Cognizant,Technology
Aston Martin,2022,Aramco,Energy/Oil
Aston Martin,2022,Peroni 0.0,Beverages/Food
Aston Martin,2022,Crypto.com,Crypto/Web3
Aston Martin,2022,JCB,Industrial
Aston Martin,2022,NetApp,Technology
Aston Martin,2022,Sentinel One,Cybersecurity
Aston Martin,2022,Juniper Networks,Technology
Aston Martin,2022,EPOS,Consumer Electronics
Aston Martin,2022,Girard-Perregaux,Luxury Watches
Aston Martin,2022,Socios,Crypto/Web3
Aston Martin,2022,Pirelli,Automotive
Aston Martin,2022,Bombardier,Aerospace
Aston Martin,2022,TikTok,Media
Aston Martin,2022,Oakley,Fashion
Aston Martin,2022,Ogio,Travel/Luggage
Aston Martin,2022,Hackett London,Fashion
Aston Martin,2022,IFS,Technology
Aston Martin,2022,Altair,Technology
Aston Martin,2022,Ebb,Technology
Aston Martin,2022,STL,Technology
Aston Martin,2022,Pelmar,Technology
Aston Martin,2022,Voip Unlimited,Telecom
Aston Martin,2022,AlpineStars,Apparel
Aston Martin,2022,Schuberth,Automotive
Ferrari,2022,Shell,Energy/Oil
Ferrari,2022,Santander,Finance
Ferrari,2022,Velas,Crypto/Web3
Ferrari,2022,Snapdragon,Technology
Ferrari,2022,Ray-Ban,Fashion
Ferrari,2022,Amazon Web Services,Technology
Ferrari,2022,Richard Mille,Luxury Watches
Ferrari,2022,Ceva Logistics,Logistics
Ferrari,2022,Estrella Galicia,Beverages/Food
Ferrari,2022,Palantir,Technology
Ferrari,2022,OMR,Media
Ferrari,2022,Puma,Apparel
Ferrari,2022,Kaspersky,Cybersecurity
Ferrari,2022,RadioBook,Media
Ferrari,2022,VistaJet,Aviation
Ferrari,2022,Giorgio Armani,Fashion
Ferrari,2022,Mahle,Automotive
Ferrari,2022,Pirelli,Automotive
Ferrari,2022,SKF,Industrial
Ferrari,2022,NGK Spark Plugs,Automotive
Ferrari,2022,Brembo,Automotive
Ferrari,2022,Manpower Group,Staffing
Ferrari,2022,Techno Gym,Fitness
Ferrari,2022,Iveco,Automotive
Ferrari,2022,Bell Helmets,Automotive
Ferrari,2022,Riedel,Technology
Ferrari,2022,Garrett,Automotive
Ferrari,2022,Sabelt,Automotive
Ferrari,2022,Qualcomm Technologies,Technology
Haas,2022,1&1,Telecom
Haas,2022,AlpineStars,Apparel
Haas,2022,Cyrus,Technology
Haas,2022,Home Deluxe,Home & Living
Haas,2022,Ionos,Technology
Haas,2022,Maui Jim,Fashion
Haas,2022,Pirelli,Automotive
Haas,2022,Schuberth,Automotive
Haas,2022,Taittinger,Beverages/Food
Haas,2022,Tricorp WorkWear,Apparel
Haas,2022,Under Armour,Apparel
McLaren Racing,2022,British American Tobacco,Tobacco
McLaren Racing,2022,Dell Technologies,Technology
McLaren Racing,2022,Dark Trace,Cybersecurity
McLaren Racing,2022,Arrow,Technology
McLaren Racing,2022,Tezos,Crypto/Web3
McLaren Racing,2022,Webex,Technology
McLaren Racing,2022,Unilever,Consumer Goods
McLaren Racing,2022,Splunk,Technology
McLaren Racing,2022,Stanley Black and Decker,Industrial
McLaren Racing,2022,Alteryx Analytics,Technology
McLaren Racing,2022,SmartSheet,Technology
McLaren Racing,2022,Data Robot,Technology
McLaren Racing,2022,Gulf,Energy/Oil
McLaren Racing,2022,GoPuff,Retail
McLaren Racing,2022,Coca-Cola,Beverages/Food
McLaren Racing,2022,CNBC,Media
McLaren Racing,2022,FxPro,Finance
McLaren Racing,2022,Party Casino,Gambling/Betting
McLaren Racing,2022,Hilton,Hospitality
McLaren Racing,2022,Medallia,Technology
McLaren Racing,2022,Castore,Apparel
McLaren Racing,2022,Richard Mille,Luxury Watches
McLaren Racing,2022,Easy Post,Logistics
McLaren Racing,2022,Free Fire,Gaming/Esports
McLaren Racing,2022,Immersive Labs,Technology
McLaren Racing,2022,Klipsch,Consumer Electronics
McLaren Racing,2022,Tumi,Fashion
McLaren Racing,2022,Deloitte,Professional Services
McLaren Racing,2022,Sikkens,Industrial
McLaren Racing,2022,Mind,Technology
McLaren Racing,2022,Sparco,Automotive
McLaren Racing,2022,Logitech,Technology
McLaren Racing,2022,SunGod,Fashion
McLaren Racing,2022,FAI Aviation Group,Aviation
McLaren Racing,2022,Ashurst,Legal
McLaren Racing,2022,Pirelli,Automotive
McLaren Racing,2022,Mazak,Industrial
McLaren Racing,2022,Stratasys,Technology
McLaren Racing,2022,Kaust,Education
McLaren Racing,2022,TechnoGym,Fitness
McLaren Racing,2022,Hookit,Technology
McLaren Racing,2022,Merchants,Retail
McLaren Racing,2022,AlienWare,Technology
McLaren Racing,2022,Veloce Esports,Esports
McLaren Racing,2022,New Era,Apparel
Mercedes-AMG,2022,Petronas,Energy/Oil
Mercedes-AMG,2022,Ineos,Chemicals
Mercedes-AMG,2022,UBS,Finance
Mercedes-AMG,2022,TeamViewer,Technology
Mercedes-AMG,2022,CrowdStrike,Cybersecurity
Mercedes-AMG,2022,FTX,Crypto/Web3
Mercedes-AMG,2022,Hewlett Packard,Technology
Mercedes-AMG,2022,IWC Schaffhausen,Luxury Watches
Mercedes-AMG,2022,Marriott Bonvoy,Hospitality
Mercedes-AMG,2022,AMD,Technology
Mercedes-AMG,2022,Monster Energy,Beverages/Food
Mercedes-AMG,2022,Pure Storage,Technology
Mercedes-AMG,2022,Tommy Hilfiger,Fashion
Mercedes-AMG,2022,TIBCO,Technology
Mercedes-AMG,2022,Puma,Apparel
Mercedes-AMG,2022,Police Eyewear,Fashion
Mercedes-AMG,2022,OZ Racing,Automotive
Mercedes-AMG,2022,Endless,Automotive
Mercedes-AMG,2022,Axalta,Industrial
Mercedes-AMG,2022,Belstaff,Fashion
Mercedes-AMG,2022,Pirelli,Automotive
Red Bull Racing,2022,Oracle,Technology
Red Bull Racing,2022,Puma,Apparel
Red Bull Racing,2022,Tag Heuer,Luxury Watches
Red Bull Racing,2022,Telcel,Telecom
Red Bull Racing,2022,Mobil1,Energy/Oil
Red Bull Racing,2022,Tezos,Crypto/Web3
Red Bull Racing,2022,Bybit,Crypto/Web3
Red Bull Racing,2022,Honda,Automotive
Red Bull Racing,2022,Claro,Telecom
Red Bull Racing,2022,Rauch,Beverages/Food
Red Bull Racing,2022,Citrix,Technology
Red Bull Racing,2022,Poly,Technology
Red Bull Racing,2022,Armor All,Automotive
Red Bull Racing,2022,Cash App,Finance
Red Bull Racing,2022,Arctic Wolf,Cybersecurity
Red Bull Racing,2022,Hewlett Packard,Technology
Red Bull Racing,2022,Inter.mx,Finance
Red Bull Racing,2022,AT&T,Telecom
Red Bull Racing,2022,Siemens,Industrial
Red Bull Racing,2022,PokerStars,Gambling/Betting
Red Bull Racing,2022,Therabody,Fitness
Red Bull Racing,2022,Pirelli,Automotive
Red Bull Racing,2022,AlphaTauri,Apparel
Red Bull Racing,2022,DMG Mori,Industrial
Red Bull Racing,2022,Hexagon,Technology
Red Bull Racing,2022,PWR,Automotive
Red Bull Racing,2022,Ansys,Technology
Red Bull Racing,2022,Gold Standard,Finance
Red Bull Racing,2022,Sabelt,Automotive
Red Bull Racing,2022,Ocean Bottle,Consumer Goods
Red Bull Racing,2022,Walmart,Retail
Williams Racing,2022,Sofina,Investment
Williams Racing,2022,Lavazza,Beverages/Food
Williams Racing,2022,Duracell,Consumer Goods
Williams Racing,2022,Acronis,Cybersecurity
Williams Racing,2022,Dorilton Ventures,Investment
Williams Racing,2022,Versa,Technology
Williams Racing,2022,Honibe,Consumer Goods
Williams Racing,2022,Financial Times,Media
Williams Racing,2022,Symantec,Cybersecurity
Williams Racing,2022,Bremont,Luxury Watches
Williams Racing,2022,Pirelli,Automotive
Williams Racing,2022,Umbro,Apparel
Williams Racing,2022,Zeiss,Technology
Williams Racing,2022,Crew Clothing Company,Apparel
Williams Racing,2022,PPG,Industrial
Williams Racing,2022,OMP,Automotive
Williams Racing,2022,KX,Technology
Williams Racing,2022,Nexa 3D,Technology
Williams Racing,2022,DTex,Cybersecurity
Williams Racing,2022,B&R,Technology
Williams Racing,2022,Mei,Technology
Williams Racing,2022,Life Fitness,Fitness
Williams Racing,2022,That’s It,Beverages/Food
Williams Racing,2022,Sia,Nonprofit
Williams Racing,2022,Thales,Aerospace
Mercedes,2023,Petronas,Energy/Oil
Mercedes,2023,Ineos,Chemicals
Mercedes,2023,CrowdStrike,Cybersecurity
Mercedes,2023,TeamViewer,Technology
Mercedes,2023,UBS,Finance
Mercedes,2023,Snapdragon,Technology
Mercedes,2023,G42,Technology
Mercedes,2023,Akkodis,Technology
Mercedes,2023,IWC Schaffhausen,Luxury Watches
Mercedes,2023,Hewlett Packard Enterprise,Technology
Mercedes,2023,Solera,Technology
Mercedes,2023,Nuvei,Finance
Mercedes,2023,Einhell,Industrial
Mercedes,2023,AMD,Technology
Mercedes,2023,The Ritz-Carlton,Hospitality
Mercedes,2023,Sherwin Williams,Industrial
Mercedes,2023,Tommy Hilfiger,Fashion
Mercedes,2023,Monster Energy,Beverages/Food
Mercedes,2023,Puma,Apparel
Mercedes,2023,Police,Fashion
Mercedes,2023,OZ Racing,Automotive
Mercedes,2023,Endless,Automotive
Mercedes,2023,Eight Sleep,Consumer Goods
Mercedes,2023,Fastly,Technology
Mercedes,2023,mCloud,Technology
Mercedes,2023,Pirelli,Automotive
Red Bull Racing,2023,Oracle,Technology
Red Bull Racing,2023,Tag Heuer,Luxury Watches
Red Bull Racing,2023,Cash App,Finance
Red Bull Racing,2023,Bybit,Crypto/Web3
Red Bull Racing,2023,Rauch,Beverages/Food
Red Bull Racing,2023,Pirelli,Automotive
Red Bull Racing,2023,Walmart,Retail
Red Bull Racing,2023,Mobil 1,Energy/Oil
Red Bull Racing,2023,Esso,Energy/Oil
Red Bull Racing,2023,Siemens,Industrial
Red Bull Racing,2023,AT&T,Telecom
Red Bull Racing,2023,Inter Proteccion,Insurance
Red Bull Racing,2023,Hewlett Packard Enterprise,Technology
Red Bull Racing,2023,Telcel,Telecom
Red Bull Racing,2023,Hexagon,Technology
Red Bull Racing,2023,DMG Mori,Industrial
Red Bull Racing,2023,Ansys,Technology
Red Bull Racing,2023,PWR,Automotive
Red Bull Racing,2023,Gold Standard,Finance
Red Bull Racing,2023,Armor All,Automotive
Red Bull Racing,2023,America Movil,Telecom
Red Bull Racing,2023,Claro,Telecom
Red Bull Racing,2023,Therabody,Fitness
Red Bull Racing,2023,HP/Poly,Technology
Red Bull Racing,2023,Ocean Bottle,Consumer Goods
Red Bull Racing,2023,PokerStars,Gambling/Betting
Red Bull Racing,2023,AlphaTauri,Apparel
Red Bull Racing,2023,Built for Athletes,Apparel
Red Bull Racing,2023,Castore,Apparel
Red Bull Racing,2023,New Era,Apparel
Red Bull Racing,2023,Athletic Propulsion Labs,Apparel
Red Bull Racing,2023,BMC,Cycling
Red Bull Racing,2023,Blenders,Fashion
Red Bull Racing,2023,Hard Rock International,Hospitality
Red Bull Racing,2023,ROKT,Technology
Red Bull Racing,2023,Honda,Automotive
Red Bull Racing,2023,Arctic Wolf,Cybersecurity
Red Bull Racing,2023,Zoom,Technology
Ferrari,2023,Shell,Energy/Oil
Ferrari,2023,Santander,Finance
Ferrari,2023,Ray-Ban,Fashion
Ferrari,2023,AWS,Technology
Ferrari,2023,Richard Mille,Luxury Watches
Ferrari,2023,Ceva Logistics,Logistics
Ferrari,2023,Estrella Galicia,Beverages/Food
Ferrari,2023,OMR Automotive,Automotive
Ferrari,2023,MAHLE,Automotive
Ferrari,2023,Pirelli,Automotive
Ferrari,2023,Puma,Apparel
Ferrari,2023,SKF,Industrial
Ferrari,2023,VistaJet,Aviation
Ferrari,2023,NGK Spark Plugs,Automotive
Ferrari,2023,Brembo,Automotive
Ferrari,2023,Riedel,Technology
Ferrari,2023,Iveco,Automotive
Ferrari,2023,Palantir,Technology
Ferrari,2023,ManPower Group,Staffing
Ferrari,2023,Technogym,Fitness
Ferrari,2023,Garrett,Automotive
Ferrari,2023,Giorgio Armani,Fashion
Ferrari,2023,Sabelt,Automotive
Ferrari,2023,VGW Play,Gambling/Betting
Ferrari,2023,Mission Winnow,Tobacco
Ferrari,2023,Genesys,Technology
Ferrari,2023,Bitdefender,Cybersecurity
Ferrari,2023,HCL Software,Technology
Ferrari,2023,Harman Automotive,Automotive
Ferrari,2023,ZCG,Finance
Ferrari,2023,Bang Olufsen,Consumer Electronics
Ferrari,2023,Ecopol,Industrial
Ferrari,2023,Riva,Luxury
Ferrari,2023,Freccia Rossa,Transport
Ferrari,2023,Ohlins,Automotive
McLaren,2023,British-American Tobacco (A Better Tomorrow),Tobacco
McLaren,2023,Splunk,Technology
McLaren,2023,DarkTrace,Cybersecurity
McLaren,2023,Tezos,Crypto/Web3
McLaren,2023,Dell Technologies,Technology
McLaren,2023,Alteryx,Technology
McLaren,2023,Smartsheet,Technology
McLaren,2023,DataRobot,Technology
McLaren,2023,GoPuff,Retail
McLaren,2023,Party Responsibly,Nonprofit
McLaren,2023,Medallia,Technology
McLaren,2023,Arrow Electronics,Technology
McLaren,2023,Richard Mille,Luxury Watches
McLaren,2023,Hilton,Hospitality
McLaren,2023,Coca Cola,Beverages/Food
McLaren,2023,Unilever,Consumer Goods
McLaren,2023,FxPro,Finance
McLaren,2023,Deloitte,Professional Services
McLaren,2023,TUMI,Fashion
McLaren,2023,CNBC,Media
McLaren,2023,Klipsch,Consumer Electronics
McLaren,2023,Sparco,Automotive
McLaren,2023,Ashurst,Legal
McLaren,2023,Stratasys,Technology
McLaren,2023,KAUST,Education
McLaren,2023,Ultimotive,Technology
McLaren,2023,New Era,Apparel
McLaren,2023,FAI Aviation Group,Aviation
McLaren,2023,Cisco,Technology
McLaren,2023,Webex,Technology
McLaren,2023,AkzoNobel-Sikkens,Industrial
McLaren,2023,Logitech G,Technology
McLaren,2023,Castore,Apparel
McLaren,2023,EasyPost,Logistics
McLaren,2023,Immersive Labs,Cybersecurity
McLaren,2023,SunGod,Fashion
McLaren,2023,Technogym,Fitness
McLaren,2023,Google/Chrome,Technology
McLaren,2023,Pirelli,Automotive
McLaren,2023,OKX,Crypto/Web3
McLaren,2023,Android,Technology
McLaren,2023,DP World,Logistics
McLaren,2023,Jack Daniels,Beverages/Food
McLaren,2023,VM Ware,Technology
McLaren,2023,Goldman Sachs,Finance
McLaren,2023,DeWalt,Industrial
McLaren,2023,Cadence,Technology
McLaren,2023,K-Swiss,Apparel
McLaren,2023,Lami Luxe,Consumer Goods
Alpine,2023,BWT,Water Technology
Alpine,2023,Castrol,Energy/Oil
Alpine,2023,BP Ultimate,Energy/Oil
Alpine,2023,Renault E-Tech,Automotive
Alpine,2023,Binance,Crypto/Web3
Alpine,2023,Ecowatt,Energy
Alpine,2023,Mobilize Financial Services,Finance
Alpine,2023,Microsoft,Technology
Alpine,2023,Plug,Energy
Alpine,2023,Bell & Ross,Luxury Watches
Alpine,2023,Kappa,Apparel
Alpine,2023,Sprinklr,Technology
Alpine,2023,Boeing,Aerospace
Alpine,2023,Delphi,Automotive
Alpine,2023,Eurodatacar,Technology
Alpine,2023,KWay,Apparel
Alpine,2023,Shamir,Consumer Goods
Alpine,2023,Yahoo!,Media
Alpine,2023,3D Systems,Technology
Alpine,2023,Alpinestars,Apparel
Alpine,2023,Alpine Eyewear,Fashion
Alpine,2023,Elysium,Technology
Alpine,2023,GCaps,Technology
Alpine,2023,Hexis,Industrial
Alpine,2023,KX,Technology
Alpine,2023,Matrix,Technology
Alpine,2023,Perkin Elmer,Life Sciences
Alpine,2023,Pirelli,Automotive
Alpine,2023,Roland,Technology
Alpine,2023,Track Racer,Consumer Goods
Alpine,2023,Canel’s,Beverages/Food
AlphaTauri,2023,Rapid,Technology
AlphaTauri,2023,Buzz,Technology
AlphaTauri,2023,Orlen,Energy/Oil
AlphaTauri,2023,AlphaTauri,Apparel
AlphaTauri,2023,Honda,Automotive
AlphaTauri,2023,Epicor,Technology
AlphaTauri,2023,FlexBox,Technology
AlphaTauri,2023,Randstad,Staffing
AlphaTauri,2023,Pirelli,Automotive
AlphaTauri,2023,Ravenol,Energy/Oil
AlphaTauri,2023,GMC,Automotive
AlphaTauri,2023,P448,Apparel
AlphaTauri,2023,Carl Friedrik,Travel/Luggage
AlphaTauri,2023,Riedel,Technology
AlphaTauri,2023,Siemens,Industrial
AlphaTauri,2023,XMTrading,Finance
AlphaTauri,2023,Basso,Cycling
Aston Martin,2023,Cognizant,Technology
Aston Martin,2023,Aramco,Energy/Oil
Aston Martin,2023,XP,Finance
Aston Martin,2023,SentinelOne,Cybersecurity
Aston Martin,2023,Citi,Finance
Aston Martin,2023,Crypto.com,Crypto/Web3
Aston Martin,2023,Juniper Networks,Technology
Aston Martin,2023,Peroni 0.0,Beverages/Food
Aston Martin,2023,JCB,Industrial
Aston Martin,2023,PortoSeguro,Insurance
Aston Martin,2023,NetApp,Technology
Aston Martin,2023,Avatrade,Finance
Aston Martin,2023,Boss,Fashion
Aston Martin,2023,Girard Perregaux,Luxury Watches
Aston Martin,2023,EPOS,Consumer Electronics
Aston Martin,2023,Bombardier,Aerospace
Aston Martin,2023,socios.com,Crypto/Web3
Aston Martin,2023,Globe Trotter,Travel/Luggage
Aston Martin,2023,Pirelli,Automotive
Aston Martin,2023,Tik Tok,Media
Aston Martin,2023,Ogio,Travel/Luggage
Aston Martin,2023,Oakley,Fashion
Aston Martin,2023,Alpinestars,Apparel
Aston Martin,2023,Ebb3,Technology
Aston Martin,2023,Stilo,Automotive
Aston Martin,2023,Pelmark,Technology
Aston Martin,2023,Velocity Black,Technology
Aston Martin,2023,SAUDIA (Saudi Airlines),Aviation
Williams,2023,Gulf,Energy/Oil
Williams,2023,Duracell,Consumer Goods
Williams,2023,Stephens,Finance
Williams,2023,Dorilton Ventures,Investment
Williams,2023,Acronis,Cybersecurity
Williams,2023,Michelob Ultra,Beverages/Food
Williams,2023,Financial Times,Media
Williams,2023,Broadcom Software,Technology
Williams,2023,Bremont,Luxury Watches
Williams,2023,PureStream,Technology
Williams,2023,Pirelli,Automotive
Williams,2023,Umbro,Apparel
Williams,2023,Zeiss,Technology
Williams,2023,Crew Clothing Company,Apparel
Williams,2023,PPG,Industrial
Williams,2023,OMP,Automotive
Williams,2023,KX,Technology
Williams,2023,DTex,Cybersecurity
Williams,2023,Life Fitness,Fitness
Williams,2023,SIA,Nonprofit
Williams,2023,Jumeirah Hotels & Resorts,Hospitality
Alfa Romeo,2023,Alfa Romeo,Automotive
Alfa Romeo,2023,Acceleron,Industrial
Alfa Romeo,2023,AMX,Technology
Alfa Romeo,2023,Curam Domi,Technology
Alfa Romeo,2023,Code Zero,Apparel
Alfa Romeo,2023,Camozzi,Industrial
Alfa Romeo,2023,Delsey,Travel/Luggage
Alfa Romeo,2023,Ferrari Trento,Beverages/Food
Alfa Romeo,2023,Globeair,Aviation
Alfa Romeo,2023,Singha,Beverages/Food
Alfa Romeo,2023,Additive Industries,Industrial
Alfa Romeo,2023,Marelli,Automotive
Alfa Romeo,2023,Mitsubishi Electric,Industrial
Alfa Romeo,2023,Pirelli,Automotive
Alfa Romeo,2023,Save the Children,Nonprofit
Alfa Romeo,2023,Hyland,Technology
Alfa Romeo,2023,Puma,Apparel
Alfa Romeo,2023,Rebellion,Luxury Watches
Alfa Romeo,2023,Sabelt,Automotive
Alfa Romeo,2023,Socios.com,Crypto/Web3
Alfa Romeo,2023,Walter Meier,Industrial
Alfa Romeo,2023,Web Eyewear,Fashion
Alfa Romeo,2023,JigSpace,Technology
Alfa Romeo,2023,AB Dynamics,Technology
Alfa Romeo,2023,Brutsch-Ruegger,Industrial
Alfa Romeo,2023,Riedel,Technology
Alfa Romeo,2023,MindMaze,Technology
Alfa Romeo,2023,Stake,Gambling/Betting
Alfa Romeo,2023,Kick,Media
Alfa Romeo,2023,Agilis,Technology
Alfa Romeo,2023,Assos,Apparel
Alfa Romeo,2023,Axim Trade,Finance
Alfa Romeo,2023,Cielo,Finance
Alfa Romeo,2023,Ciesse Piumini,Apparel
Alfa Romeo,2023,Corinthian Re,Insurance
Alfa Romeo,2023,Diagnostix,Life Sciences
Alfa Romeo,2023,Edelweiss,Hospitality
Alfa Romeo,2023,Everdome,Crypto/Web3
Alfa Romeo,2023,Georg Fischer,Industrial
Alfa Romeo,2023,Kick Out Plastic,Nonprofit
Alfa Romeo,2023,Mascot Workwear,Apparel
Alfa Romeo,2023,ProTech,Industrial
Alfa Romeo,2023,Salt,Consumer Goods
Alfa Romeo,2023,SenseTime,Technology
Alfa Romeo,2023,Seagate,Technology
Alfa Romeo,2023,WhistlePig,Beverages/Food
Haas,2023,Haas Automation,Industrial
Haas,2023,Alpinestars,Apparel
Haas,2023,Pirelli,Automotive
Haas,2023,Schuberth,Automotive
Haas,2023,Taittinger,Beverages/Food
Haas,2023,Tricorp Workwear,Apparel
Haas,2023,MoneyGram,Finance
Haas,2023,Chipotle,Beverages/Food
Haas,2023,Haas Tooling,Industrial
Haas,2023,Hantec Markets,Finance
Haas,2023,Oak Berry,Beverages/Food
Haas,2023,OpenSea,Crypto/Web3
Haas,2023,Palm Angels,Fashion
Haas,2023,Travis Mathew,Apparel
Mercedes,2024,Petronas,Energy/Oil
Mercedes,2024,Ineos,Chemicals
Mercedes,2024,CrowdStrike,Cybersecurity
Mercedes,2024,TeamViewer,Technology
Mercedes,2024,UBS,Finance
Mercedes,2024,Snapdragon,Technology
Mercedes,2024,G42,Technology
Mercedes,2024,Akkodis,Technology
Mercedes,2024,IWC Schaffhausen,Luxury Watches
Mercedes,2024,Hewlett Packard Enterprise,Technology
Mercedes,2024,Solera,Technology
Mercedes,2024,Nuvei,Finance
Mercedes,2024,Einhell,Industrial
Mercedes,2024,AMD,Technology
Mercedes,2024,The Ritz-Carlton,Hospitality
Mercedes,2024,Sherwin Williams,Industrial
Mercedes,2024,Tommy Hilfiger,Fashion
Mercedes,2024,Puma,Apparel
Mercedes,2024,Police,Fashion
Mercedes,2024,OZ Racing,Automotive
Mercedes,2024,Endless,Automotive
Mercedes,2024,Pirelli,Automotive
Mercedes,2024,SAP,Technology
Mercedes,2024,WhatsApp,Technology
Mercedes,2024,Luminar,Automotive
Red Bull Racing,2024,Oracle,Technology
Red Bull Racing,2024,Tag Heuer,Luxury Watches
Red Bull Racing,2024,Cash App,Finance
Red Bull Racing,2024,Bybit,Crypto/Web3
Red Bull Racing,2024,Rauch,Beverages/Food
Red Bull Racing,2024,Pirelli,Automotive
Red Bull Racing,2024,Mobil 1,Energy/Oil
Red Bull Racing,2024,Esso,Energy/Oil
Red Bull Racing,2024,Siemens,Industrial
Red Bull Racing,2024,AT&T,Telecom
Red Bull Racing,2024,Inter Proteccion,Insurance
Red Bull Racing,2024,Hewlett Packard Enterprise,Technology
Red Bull Racing,2024,Telcel,Telecom
Red Bull Racing,2024,Hexagon,Technology
Red Bull Racing,2024,DMG Mori,Industrial
Red Bull Racing,2024,Ansys,Technology
Red Bull Racing,2024,PWR,Automotive
Red Bull Racing,2024,Gold Standard,Finance
Red Bull Racing,2024,Armor All,Automotive
Red Bull Racing,2024,Claro,Telecom
Red Bull Racing,2024,HP/Poly,Technology
Red Bull Racing,2024,Built for Athletes,Apparel
Red Bull Racing,2024,Castore,Apparel
Red Bull Racing,2024,New Era,Apparel
Red Bull Racing,2024,Athletic Propulsion Labs,Apparel
Red Bull Racing,2024,BMC,Cycling
Red Bull Racing,2024,Blenders,Fashion
Red Bull Racing,2024,Hard Rock International,Hospitality
Red Bull Racing,2024,ROKT,Technology
Red Bull Racing,2024,Honda,Automotive
Red Bull Racing,2024,Arctic Wolf,Cybersecurity
Red Bull Racing,2024,Zoom,Technology
Red Bull Racing,2024,CDW,Technology
Red Bull Racing,2024,Sparco,Automotive
Red Bull Racing,2024,Sui,Crypto/Web3
Red Bull Racing,2024,Visa,Finance
Red Bull Racing,2024,Heineken,Beverages/Food
Red Bull Racing,2024,Patron,Beverages/Food
Ferrari,2024,Shell,Energy/Oil
Ferrari,2024,Santander,Finance
Ferrari,2024,Ray-Ban,Fashion
Ferrari,2024,AWS,Technology
Ferrari,2024,Richard Mille,Luxury Watches
Ferrari,2024,Ceva Logistics,Logistics
Ferrari,2024,OMR Automotive,Automotive
Ferrari,2024,MAHLE,Automotive
Ferrari,2024,Pirelli,Automotive
Ferrari,2024,Puma,Apparel
Ferrari,2024,Bell,Automotive
Ferrari,2024,SKF,Industrial
Ferrari,2024,VistaJet,Aviation
Ferrari,2024,NGK Spark Plugs,Automotive
Ferrari,2024,Brembo,Automotive
Ferrari,2024,Riedel,Technology
Ferrari,2024,Iveco,Automotive
Ferrari,2024,ManPower Group,Staffing
Ferrari,2024,Technogym,Fitness
Ferrari,2024,Garrett,Automotive
Ferrari,2024,Giorgio Armani,Fashion
Ferrari,2024,Sabelt,Automotive
Ferrari,2024,VGW Play,Gambling/Betting
Ferrari,2024,Genesys,Technology
Ferrari,2024,Bitdefender,Cybersecurity
Ferrari,2024,HCL Software,Technology
Ferrari,2024,Harman Automotive,Automotive
Ferrari,2024,ZCG,Finance
Ferrari,2024,Bang Olufsen,Consumer Electronics
Ferrari,2024,Ecopol,Industrial
Ferrari,2024,Riva,Luxury
Ferrari,2024,Ohlins,Automotive
Ferrari,2024,DXC Technology,Technology
Ferrari,2024,Peroni,Beverages/Food
Ferrari,2024,Philip Morris International,Tobacco
Ferrari,2024,Celsius,Beverages/Food
McLaren,2024,British-American Tobacco (A Better Tomorrow),Tobacco
McLaren,2024,Splunk,Technology
McLaren,2024,DarkTrace,Cybersecurity
McLaren,2024,Dell Technologies,Technology
McLaren,2024,Alteryx,Technology
McLaren,2024,Smartsheet,Technology
McLaren,2024,Medallia,Technology
McLaren,2024,Arrow Electronics,Technology
McLaren,2024,Richard Mille,Luxury Watches
McLaren,2024,Hilton,Hospitality
McLaren,2024,Coca Cola,Beverages/Food
McLaren,2024,Unilever,Consumer Goods
McLaren,2024,FxPro,Finance
McLaren,2024,Deloitte,Professional Services
McLaren,2024,TUMI,Fashion
McLaren,2024,CNBC,Media
McLaren,2024,Sparco,Automotive
McLaren,2024,Ashurst,Legal
McLaren,2024,Stratasys,Technology
McLaren,2024,KAUST,Education
McLaren,2024,New Era,Apparel
McLaren,2024,FAI Aviation Group,Aviation
McLaren,2024,Cisco,Technology
McLaren,2024,Webex,Technology
McLaren,2024,AkzoNobel-Sikkens,Industrial
McLaren,2024,Castore,Apparel
McLaren,2024,SunGod,Fashion
McLaren,2024,Technogym,Fitness
McLaren,2024,Google/Chrome,Technology
McLaren,2024,Pirelli,Automotive
McLaren,2024,OKX,Crypto/Web3
McLaren,2024,Android,Technology
McLaren,2024,DP World,Logistics
McLaren,2024,Jack Daniels,Beverages/Food
McLaren,2024,VM Ware,Technology
McLaren,2024,DeWalt,Industrial
McLaren,2024,Cadence,Technology
McLaren,2024,K-Swiss,Apparel
McLaren,2024,Monster Energy,Beverages/Food
McLaren,2024,Salesforce,Technology
McLaren,2024,Estrella Galicia,Beverages/Food
McLaren,2024,Dropbox,Technology
McLaren,2024,Workday,Technology
McLaren,2024,Ecolab,Industrial
McLaren,2024,Airwallex,Finance
McLaren,2024,ON Optimum Nutrition,Fitness
McLaren,2024,Halo ITSM,Technology
McLaren,2024,Udemy,Education
McLaren,2024,Reiss,Fashion
McLaren,2024,Alpinestar,Apparel
Alpine,2024,BWT,Water Technology
Alpine,2024,Castrol,Energy/Oil
Alpine,2024,BP Ultimate,Energy/Oil
Alpine,2024,Renault E-Tech,Automotive
Alpine,2024,Binance,Crypto/Web3
Alpine,2024,Mobilize Financial Services,Finance
Alpine,2024,Microsoft,Technology
Alpine,2024,Kappa,Apparel
Alpine,2024,Sprinklr,Technology
Alpine,2024,Boeing,Aerospace
Alpine,2024,Delphi,Automotive
Alpine,2024,Eurodatacar,Technology
Alpine,2024,KWay,Apparel
Alpine,2024,Shamir,Consumer Goods
Alpine,2024,Yahoo!,Media
Alpine,2024,3D Systems,Technology
Alpine,2024,Alpinestars,Apparel
Alpine,2024,Alpine Eyewear,Fashion
Alpine,2024,GCaps,Technology
Alpine,2024,Hexis,Industrial
Alpine,2024,Matrix,Technology
Alpine,2024,Perkin Elmer,Life Sciences
Alpine,2024,Pirelli,Automotive
Alpine,2024,Roland,Technology
Alpine,2024,Track Racer,Consumer Goods
Alpine,2024,Canel’s,Beverages/Food
Alpine,2024,businesssolver,Technology
Alpine,2024,XBOX,Gaming
Alpine,2024,mntn,Technology
Alpine,2024,Amazon Music,Media
Alpine,2024,Qatar Airways,Aviation
Alpine,2024,H Moser & Cie,Luxury Watches
Visa Cash App RB,2024,Orlen,Energy/Oil
Visa Cash App RB,2024,AlphaTauri,Apparel
Visa Cash App RB,2024,Honda,Automotive
Visa Cash App RB,2024,Epicor,Technology
Visa Cash App RB,2024,FlexBox,Technology
Visa Cash App RB,2024,Randstad,Staffing
Visa Cash App RB,2024,Pirelli,Automotive
Visa Cash App RB,2024,Ravenol,Energy/Oil
Visa Cash App RB,2024,P448,Apparel
Visa Cash App RB,2024,Riedel,Technology
Visa Cash App RB,2024,Siemens,Industrial
Visa Cash App RB,2024,XMTrading,Finance
Visa Cash App RB,2024,Visa,Finance
Visa Cash App RB,2024,Cash App,Finance
Visa Cash App RB,2024,Hugo,Fashion
Visa Cash App RB,2024,Tudor,Luxury Watches
Visa Cash App RB,2024,NEFT Vodka,Beverages/Food
Visa Cash App RB,2024,Piquadro,Fashion
Aston Martin,2024,Cognizant,Technology
Aston Martin,2024,Aramco,Energy/Oil
Aston Martin,2024,SentinelOne,Cybersecurity
Aston Martin,2024,Citi,Finance
Aston Martin,2024,Juniper Networks,Technology
Aston Martin,2024,JCB,Industrial
Aston Martin,2024,NetApp,Technology
Aston Martin,2024,Avatrade,Finance
Aston Martin,2024,Boss,Fashion
Aston Martin,2024,Girard Perregaux,Luxury Watches
Aston Martin,2024,EPOS,Consumer Electronics
Aston Martin,2024,Bombardier,Aerospace
Aston Martin,2024,Globe Trotter,Travel/Luggage
Aston Martin,2024,Pirelli,Automotive
Aston Martin,2024,Tik Tok,Media
Aston Martin,2024,Ogio,Travel/Luggage
Aston Martin,2024,Oakley,Fashion
Aston Martin,2024,Alpinestars,Apparel
Aston Martin,2024,Stilo,Automotive
Aston Martin,2024,Velocity Black,Technology
Aston Martin,2024,Valvoline,Energy/Oil
Aston Martin,2024,NexGEN,Technology
Aston Martin,2024,Banco Master,Finance
Aston Martin,2024,ServiceNow,Technology
Aston Martin,2024,Regent Sea Cruises,Hospitality
Aston Martin,2024,WolfGang Puck,Hospitality
Aston Martin,2024,Financial Times,Media
Aston Martin,2024,OMP,Automotive
Aston Martin,2024,Stichd,Apparel
Williams,2024,Gulf,Energy/Oil
Williams,2024,Duracell,Consumer Goods
Williams,2024,Stephens,Finance
Williams,2024,Dorilton Ventures,Investment
Williams,2024,Michelob Ultra,Beverages/Food
Williams,2024,Financial Times,Media
Williams,2024,Broadcom Software,Technology
Williams,2024,PureStream,Technology
Williams,2024,Pirelli,Automotive
Williams,2024,Crew Clothing Company,Apparel
Williams,2024,Life Fitness,Fitness
Williams,2024,SIA,Nonprofit
Williams,2024,Kraken,Crypto/Web3
Williams,2024,Komatsu,Industrial
Williams,2024,MyProtein,Fitness
Williams,2024,VAST,Technology
Williams,2024,Ingenuity Commerce,Technology
Williams,2024,Puma,Apparel
Stake F1 Team,2024,Acceleron,Industrial
Stake F1 Team,2024,Code Zero,Apparel
Stake F1 Team,2024,Camozzi,Industrial
Stake F1 Team,2024,Globeair,Aviation
Stake F1 Team,2024,Singha,Beverages/Food
Stake F1 Team,2024,Additive Industries,Industrial
Stake F1 Team,2024,Marelli,Automotive
Stake F1 Team,2024,Mitsubishi Electric,Industrial
Stake F1 Team,2024,Pirelli,Automotive
Stake F1 Team,2024,Save the Children,Nonprofit
Stake F1 Team,2024,Hyland,Technology
Stake F1 Team,2024,Puma,Apparel
Stake F1 Team,2024,Rebellion,Luxury Watches
Stake F1 Team,2024,Sabelt,Automotive
Stake F1 Team,2024,Socios.com,Crypto/Web3
Stake F1 Team,2024,Walter Meier,Industrial
Stake F1 Team,2024,Web Eyewear,Fashion
Stake F1 Team,2024,JigSpace,Technology
Stake F1 Team,2024,Brutsch-Ruegger,Industrial
Stake F1 Team,2024,Riedel,Technology
Stake F1 Team,2024,MindMaze,Technology
Stake F1 Team,2024,Stake,Gambling/Betting
Stake F1 Team,2024,Kick,Media
Stake F1 Team,2024,Agilis,Technology
Stake F1 Team,2024,Cielo,Finance
Stake F1 Team,2024,Ciesse Piumini,Apparel
Stake F1 Team,2024,Everdome,Crypto/Web3
Stake F1 Team,2024,Georg Fischer,Industrial
Stake F1 Team,2024,Mascot Workwear,Apparel
Stake F1 Team,2024,SenseTime,Technology
Stake F1 Team,2024,Seagate,Technology
Stake F1 Team,2024,WhistlePig,Beverages/Food
Stake F1 Team,2024,FIX Network,Automotive
Stake F1 Team,2024,Sunoco,Energy/Oil
Stake F1 Team,2024,Extreme Networks,Technology
Stake F1 Team,2024,Lemo,Technology
Stake F1 Team,2024,Vibratech,Industrial
Stake F1 Team,2024,Scania,Automotive
Stake F1 Team,2024,Hewlett Packard Enterprise,Technology
Haas,2024,Haas Automation,Industrial
Haas,2024,Alpinestars,Apparel
Haas,2024,Pirelli,Automotive
Haas,2024,Schuberth,Automotive
Haas,2024,Taittinger,Beverages/Food
Haas,2024,Tricorp Workwear,Apparel
Haas,2024,MoneyGram,Finance
Haas,2024,Chipotle,Beverages/Food
Haas,2024,Haas Tooling,Industrial
Haas,2024,Hantec Markets,Finance
Haas,2024,Oak Berry,Beverages/Food
Haas,2024,OpenSea,Crypto/Web3
Haas,2024,Palm Angels,Fashion
Haas,2024,Travis Mathew,Apparel
Haas,2024,Play & Go,Gaming
Haas,2024,MGM Rewards,Hospitality
Haas,2024,New Era,Apparel
Mercedes,2025,Petronas,Energy/Oil
Mercedes,2025,Ineos,Chemicals
Mercedes,2025,CrowdStrike,Cybersecurity
Mercedes,2025,TeamViewer,Technology
Mercedes,2025,UBS,Finance
Mercedes,2025,Snapdragon,Technology
Mercedes,2025,G42,Technology
Mercedes,2025,Akkodis,Technology
Mercedes,2025,IWC Schaffhausen,Luxury Watches
Mercedes,2025,Hewlett Packard Enterprise,Technology
Mercedes,2025,Solera,Technology
Mercedes,2025,Nuvei,Finance
Mercedes,2025,Einhell,Industrial
Mercedes,2025,AMD,Technology
Mercedes,2025,The Ritz-Carlton,Hospitality
Mercedes,2025,Sherwin Williams,Industrial
Mercedes,2025,Endless,Automotive
Mercedes,2025,Pirelli,Automotive
Mercedes,2025,SAP,Technology
Mercedes,2025,WhatsApp,Technology
Mercedes,2025,Luminar,Automotive
Mercedes,2025,BetterUp,Workplace Coaching
Mercedes,2025,adidas,Apparel
Mercedes,2025,Signify,Technology
Mercedes,2025,Mous,Consumer Electronics
Red Bull Racing,2025,Oracle,Technology
Red Bull Racing,2025,Tag Heuer,Luxury Watches
Red Bull Racing,2025,Rauch,Beverages/Food
Red Bull Racing,2025,Pirelli,Automotive
Red Bull Racing,2025,Mobil 1,Energy/Oil
Red Bull Racing,2025,Esso,Energy/Oil
Red Bull Racing,2025,Siemens,Industrial
Red Bull Racing,2025,AT&T,Telecom
Red Bull Racing,2025,Hexagon,Technology
Red Bull Racing,2025,DMG Mori,Industrial
Red Bull Racing,2025,Ansys,Technology
Red Bull Racing,2025,PWR,Automotive
Red Bull Racing,2025,Gold Standard,Finance
Red Bull Racing,2025,Armor All,Automotive
Red Bull Racing,2025,Castore,Apparel
Red Bull Racing,2025,New Era,Apparel
Red Bull Racing,2025,Hard Rock International,Hospitality
Red Bull Racing,2025,ROKT,Technology
Red Bull Racing,2025,Honda,Automotive
Red Bull Racing,2025,CDW,Technology
Red Bull Racing,2025,Sparco,Automotive
Red Bull Racing,2025,Visa,Finance
Red Bull Racing,2025,Heineken,Beverages/Food
Red Bull Racing,2025,Patron,Beverages/Food
Red Bull Racing,2025,Gate.io,Crypto/Web3
Red Bull Racing,2025,1Password,Cybersecurity
Red Bull Racing,2025,Yeti,Consumer Goods
Red Bull Racing,2025,Maui Jim,Fashion
Red Bull Racing,2025,AvaTrade,Finance
Red Bull Racing,2025,Pepe Jeans,Fashion
Red Bull Racing,2025,Philips,Consumer Electronics
Red Bull Racing,2025,Neat,Technology
Red Bull Racing,2025,Mophie,Consumer Electronics
Ferrari,2025,Shell,Energy/Oil
Ferrari,2025,Ray-Ban,Fashion
Ferrari,2025,AWS,Technology
Ferrari,2025,Richard Mille,Luxury Watches
Ferrari,2025,Ceva Logistics,Logistics
Ferrari,2025,OMR Automotive,Automotive
Ferrari,2025,MAHLE,Automotive
Ferrari,2025,Pirelli,Automotive
Ferrari,2025,Puma,Apparel
Ferrari,2025,Bell,Automotive
Ferrari,2025,SKF,Industrial
Ferrari,2025,VistaJet,Aviation
Ferrari,2025,NGK Spark Plugs,Automotive
Ferrari,2025,Brembo,Automotive
Ferrari,2025,Riedel,Technology
Ferrari,2025,Iveco,Automotive
Ferrari,2025,ManPower Group,Staffing
Ferrari,2025,Technogym,Fitness
Ferrari,2025,Garrett,Automotive
Ferrari,2025,Giorgio Armani,Fashion
Ferrari,2025,Sabelt,Automotive
Ferrari,2025,VGW Play,Gambling/Betting
Ferrari,2025,Genesys,Technology
Ferrari,2025,Bitdefender,Cybersecurity
Ferrari,2025,HCL Software,Technology
Ferrari,2025,ZCG,Finance
Ferrari,2025,Bang & Olufsen,Consumer Electronics
Ferrari,2025,Ecopol,Industrial
Ferrari,2025,Ohlins,Automotive
Ferrari,2025,DXC Technology,Technology
Ferrari,2025,Peroni,Beverages/Food
Ferrari,2025,Philip Morris International,Tobacco
Ferrari,2025,Celsius,Beverages/Food
Ferrari,2025,HP,Technology
Ferrari,2025,UniCredit,Finance
Ferrari,2025,Ambipar,Environmental Services
Ferrari,2025,Chivas Regal,Beverages/Food
Ferrari,2025,Espacto,Other
Ferrari,2025,Vantage,Finance
Ferrari,2025,IBM,Technology
McLaren,2025,British-American Tobacco (A Better Tomorrow),Tobacco
McLaren,2025,Splunk,Technology
McLaren,2025,Dell Technologies,Technology
McLaren,2025,Alteryx,Technology
McLaren,2025,Smartsheet,Technology
McLaren,2025,Medallia,Technology
McLaren,2025,Arrow Electronics,Technology
McLaren,2025,Richard Mille,Luxury Watches
McLaren,2025,Hilton,Hospitality
McLaren,2025,Unilever,Consumer Goods
McLaren,2025,FxPro,Finance
McLaren,2025,Deloitte,Professional Services
McLaren,2025,TUMI,Fashion
McLaren,2025,CNBC,Media
McLaren,2025,Ashurst,Legal
McLaren,2025,Stratasys,Technology
McLaren,2025,KAUST,Education
McLaren,2025,New Era,Apparel
McLaren,2025,FAI Aviation Group,Aviation
McLaren,2025,Cisco,Technology
McLaren,2025,AkzoNobel-Sikkens,Industrial
McLaren,2025,Castore,Apparel
McLaren,2025,SunGod,Fashion
McLaren,2025,Google/Chrome,Technology
McLaren,2025,Pirelli,Automotive
McLaren,2025,OKX,Crypto/Web3
McLaren,2025,Android,Technology
McLaren,2025,DP World,Logistics
McLaren,2025,Jack Daniels,Beverages/Food
McLaren,2025,DeWalt,Industrial
McLaren,2025,K-Swiss,Apparel
McLaren,2025,Monster Energy,Beverages/Food
McLaren,2025,Salesforce,Technology
McLaren,2025,Estrella Galicia,Beverages/Food
McLaren,2025,Dropbox,Technology
McLaren,2025,Workday,Technology
McLaren,2025,Ecolab,Industrial
McLaren,2025,Airwallex,Finance
McLaren,2025,ON Optimum Nutrition,Fitness
McLaren,2025,Halo ITSM,Technology
McLaren,2025,Udemy,Education
McLaren,2025,Reiss,Fashion
McLaren,2025,Alpinestar,Apparel
McLaren,2025,Mastercard,Finance
McLaren,2025,Allwyn,Gambling/Betting
McLaren,2025,Okta,Cybersecurity
McLaren,2025,Goldman Sachs,Finance
McLaren,2025,eBay,Ecommerce
McLaren,2025,Greene Tweed,Industrial
McLaren,2025,T-Mobile,Telecom
McLaren,2025,LEGO,Toys/Games
Alpine,2025,BWT,Water Technology
Alpine,2025,Renault E-Tech,Automotive
Alpine,2025,Binance,Crypto/Web3
Alpine,2025,Mobilize Financial Services,Finance
Alpine,2025,Microsoft,Technology
Alpine,2025,Sprinklr,Technology
Alpine,2025,Boeing,Aerospace
Alpine,2025,Delphi,Automotive
Alpine,2025,Eurodatacar,Technology
Alpine,2025,Shamir,Consumer Goods
Alpine,2025,3D Systems,Technology
Alpine,2025,Alpinestars,Apparel
Alpine,2025,Matrix,Technology
Alpine,2025,Pirelli,Automotive
Alpine,2025,Roland,Technology
Alpine,2025,Track Racer,Consumer Goods
Alpine,2025,Canel’s,Beverages/Food
Alpine,2025,businesssolver,Technology
Alpine,2025,XBOX,Gaming
Alpine,2025,mntn,Technology
Alpine,2025,Qatar Airways,Aviation
Alpine,2025,H Moser & Cie,Luxury Watches
Alpine,2025,Eni,Energy/Oil
Alpine,2025,MSC Cruises,Hospitality
Alpine,2025,R5 Turbo 3E,Automotive
Alpine,2025,Arctic Monkey,Beverages/Food
Alpine,2025,ApeCoin,Crypto/Web3
Alpine,2025,Banco BRB,Finance
Alpine,2025,Castore,Apparel
Alpine,2025,INFINOX,Finance
Alpine,2025,Mercado Libre,Ecommerce
Alpine,2025,Modo Casino,Gambling/Betting
Alpine,2025,New Era,Apparel
Alpine,2025,Oakberry,Beverages/Food
Alpine,2025,The Venetian Resort,Hospitality
Alpine,2025,Lumi,Other
Alpine,2025,Jaaq,Other
Alpine,2025,M-Experiment,Other
Alpine,2025,viagogo,Ticketing
Visa Cash App RB,2025,Honda,Automotive
Visa Cash App RB,2025,Randstad,Staffing
Visa Cash App RB,2025,Pirelli,Automotive
Visa Cash App RB,2025,Riedel,Technology
Visa Cash App RB,2025,Siemens,Industrial
Visa Cash App RB,2025,XMTrading,Finance
Visa Cash App RB,2025,Visa,Finance
Visa Cash App RB,2025,Cash App,Finance
Visa Cash App RB,2025,Hugo,Fashion
Visa Cash App RB,2025,Tudor,Luxury Watches
Visa Cash App RB,2025,NEFT Vodka,Beverages/Food
Visa Cash App RB,2025,Piquadro,Fashion
Visa Cash App RB,2025,Hugo Eyewear,Fashion
Visa Cash App RB,2025,RebelDot,Technology
Visa Cash App RB,2025,Airtasker,Technology
Visa Cash App RB,2025,Dynatrace,Technology
Visa Cash App RB,2025,Student.com,Travel
Visa Cash App RB,2025,Roboze,Industrial
Visa Cash App RB,2025,Hahn Air,Aviation
Aston Martin,2025,Cognizant,Technology
Aston Martin,2025,Aramco,Energy/Oil
Aston Martin,2025,SentinelOne,Cybersecurity
Aston Martin,2025,Citi,Finance
Aston Martin,2025,JCB,Industrial
Aston Martin,2025,NetApp,Technology
Aston Martin,2025,Boss,Fashion
Aston Martin,2025,Girard Perregaux,Luxury Watches
Aston Martin,2025,Bombardier,Aerospace
Aston Martin,2025,Pirelli,Automotive
Aston Martin,2025,TikTok,Media
Aston Martin,2025,Ogio,Travel/Luggage
Aston Martin,2025,Oakley,Fashion
Aston Martin,2025,Stilo,Automotive
Aston Martin,2025,Velocity Black,Technology
Aston Martin,2025,Valvoline,Energy/Oil
Aston Martin,2025,NexGEN,Technology
Aston Martin,2025,Banco Master,Finance
Aston Martin,2025,ServiceNow,Technology
Aston Martin,2025,Regent Sea Cruises,Hospitality
Aston Martin,2025,Wolfgang Puck,Hospitality
Aston Martin,2025,Financial Times,Media
Aston Martin,2025,OMP,Automotive
Aston Martin,2025,Stichd,Apparel
Aston Martin,2025,Maaden,Mining
Aston Martin,2025,Glenfiddich,Beverages/Food
Aston Martin,2025,Coinbase,Crypto/Web3
Aston Martin,2025,Pepperstone,Finance
Aston Martin,2025,Circle,Crypto/Web3
Aston Martin,2025,Xerox,Technology
Aston Martin,2025,Arm,Technology
Aston Martin,2025,Atlas Air,Aviation
Aston Martin,2025,Elemis London,Beauty
Aston Martin,2025,Puma,Apparel
Williams,2025,Gulf,Energy/Oil
Williams,2025,Duracell,Consumer Goods
Williams,2025,Stephens,Finance
Williams,2025,Dorilton Ventures,Investment
Williams,2025,Pirelli,Automotive
Williams,2025,Life Fitness,Fitness
Williams,2025,SIA,Nonprofit
Williams,2025,Kraken,Crypto/Web3
Williams,2025,Komatsu,Industrial
Williams,2025,MyProtein,Fitness
Williams,2025,VAST,Technology
Williams,2025,THG Ingenuity Commerce,Technology
Williams,2025,Puma,Apparel
Williams,2025,Atlassian,Technology
Williams,2025,Santander,Finance
Williams,2025,Keeper,Cybersecurity
Williams,2025,FanCapital,Finance
Williams,2025,Reviva,Other
Williams,2025,Zoox,Automotive
Williams,2025,Brillio,Technology
Sauber,2025,Code Zero,Apparel
Sauber,2025,Camozzi,Industrial
Sauber,2025,Globeair,Aviation
Sauber,2025,Singha,Beverages/Food
Sauber,2025,Additive Industries,Industrial
Sauber,2025,Mitsubishi Electric,Industrial
Sauber,2025,Pirelli,Automotive
Sauber,2025,Puma,Apparel
Sauber,2025,Sabelt,Automotive
Sauber,2025,Walter Meier,Industrial
Sauber,2025,Web Eyewear,Fashion
Sauber,2025,JigSpace,Technology
Sauber,2025,Brutsch-Ruegger,Industrial
Sauber,2025,Riedel,Technology
Sauber,2025,Stake,Gambling/Betting
Sauber,2025,Kick,Media
Sauber,2025,Agilis,Technology
Sauber,2025,Cielo,Finance
Sauber,2025,Mascot Workwear,Apparel
Sauber,2025,SenseTime,Technology
Sauber,2025,FIX Network,Automotive
Sauber,2025,Sunoco,Energy/Oil
Sauber,2025,Extreme Networks,Technology
Sauber,2025,Scania,Automotive
Sauber,2025,Hewlett Packard Enterprise,Technology
Sauber,2025,Zero,Technology
Sauber,2025,Jeckerson,Fashion
Sauber,2025,Beyond Nations,Other
Sauber,2025,Edelweiss,Aviation
Sauber,2025,GF+,Industrial
Sauber,2025,Tucano,Consumer Electronics
Sauber,2025,Catalano,Industrial
Sauber,2025,Libertex,Finance
Sauber,2025,CoinPayments,Crypto/Web3
Sauber,2025,Admin By Request,Cybersecurity
Haas,2025,Haas Automation,Industrial
Haas,2025,Alpinestars,Apparel
Haas,2025,Pirelli,Automotive
Haas,2025,Schuberth,Automotive
Haas,2025,Taittinger,Beverages/Food
Haas,2025,Tricorp Workwear,Apparel
Haas,2025,MoneyGram,Finance
Haas,2025,Haas Tooling,Industrial
Haas,2025,Travis Mathew,Apparel
Haas,2025,Play & Go,Gaming
Haas,2025,MGM Rewards,Hospitality
Haas,2025,New Era,Apparel
Haas,2025,Toyota Gazoo Racing,Automotive
Haas,2025,CommScope,Technology
Haas,2025,Mphasis,Technology
Haas,2025,Orion180,Insurance
Haas,2025,Ruckus,Technology
Haas,2025,UChicago Medicine,Healthcare